DBRep_DrawableShape

CASCADE Topology V3, (c) Open Cascade
Locations 0
Curve2ds 128
1 0 0 0 1 
1 0 0 1 0 
1 1 0 0 1 
1 0 1 1 0 
1 0 0 0 1 
1 0 0 1 0 
1 1 0 0 1 
1 0 1 1 0 
1 0 0 0 1 
1 0 0 1 0 
1 1 0 0 1 
1 0 1 1 0 
1 0 0 0 1 
1 0 0 1 0 
1 1 0 0 1 
1 0 1 1 0 
1 0 0 0 1 
1 0 0 1 0 
1 1 0 0 1 
1 0 1 1 0 
1 0 0 0 1 
1 0 0 1 0 
1 1 0 0 1 
1 0 1 1 0 
1 0 0 0 1 
1 0 0 1 0 
1 1 0 0 1 
1 0 1 1 0 
1 0 0 0 1 
1 0 0 1 0 
1 1 0 0 1 
1 0 1 1 0 
1 0 0 0 1 
1 0 0 1 0 
1 1 0 0 1 
1 0 1 1 0 
1 0 0 0 1 
1 0 0 1 0 
1 1 0 0 1 
1 0 1 1 0 
1 0 0 0 1 
1 0 0 1 0 
1 1 0 0 1 
1 0 1 1 0 
1 0 0 0 1 
1 0 0 1 0 
1 1 0 0 1 
1 0 1 1 0 
1 0 0 0 1 
1 0 0 1 0 
1 1 0 0 1 
1 0 1 1 0 
1 0 0 0 1 
1 0 0 1 0 
1 1 0 0 1 
1 0 1 1 0 
1 0 0 0 1 
1 0 0 1 0 
1 1 0 0 1 
1 0 1 1 0 
1 0 0 0 1 
1 0 0 1 0 
1 1 0 0 1 
1 0 1 1 0 
1 0 0 0 1 
1 0 0 1 0 
1 1 0 0 1 
1 0 1 1 0 
1 0 0 0 1 
1 0 0 1 0 
1 1 0 0 1 
1 0 1 1 0 
1 0 0 0 1 
1 0 0 1 0 
1 1 0 0 1 
1 0 1 1 0 
1 0 0 0 1 
1 0 0 1 0 
1 1 0 0 1 
1 0 1 1 0 
1 0 0 0 1 
1 0 0 1 0 
1 1 0 0 1 
1 0 1 1 0 
1 0 0 0 1 
1 0 0 1 0 
1 1 0 0 1 
1 0 1 1 0 
1 0 0 0 1 
1 0 0 1 0 
1 1 0 0 1 
1 0 1 1 0 
1 0 0 0 1 
1 0 0 1 0 
1 1 0 0 1 
1 0 1 1 0 
1 0 0 0 1 
1 0 0 1 0 
1 1 0 0 1 
1 0 1 1 0 
1 0 0 0 1 
1 0 0 1 0 
1 1 0 0 1 
1 0 1 1 0 
1 0 0 0 1 
1 0 0 1 0 
1 1 0 0 1 
1 0 1 1 0 
1 0 0 0 1 
1 0 0 1 0 
1 1 0 0 1 
1 0 1 1 0 
1 0 0 0 1 
1 0 0 1 0 
1 1 0 0 1 
1 0 1 1 0 
1 0 0 0 1 
1 0 0 1 0 
1 1 0 0 1 
1 0 1 1 0 
1 0 0 0 1 
1 0 0 1 0 
1 1 0 0 1 
1 0 1 1 0 
1 0 0 0 1 
1 0 0 1 0 
1 1 0 0 1 
1 0 1 1 0 
Curves 128
7 0 0  3 4 2  -2.3322135266115165 0.50293700503049787 0.80000000000000004  -2.884753910318393 1.0440882529423448 0.79999999999999993  -3.1297387908187186 1.2554079043069828 0.80000000000000004  -3.2936079622246108 1.4308854228500709 0.80000000000000004 
 0 4 1 4
7 0 0  5 8 4  -2.3322135266115165 0.50293700503049787 0.80000000000000004  -1.0314375159134577 0.52687741839634938 1.9453350466023505  2.8137700459555166 7.5198966108584528 7.6292929687212627  6.0517266447858109 7.1237636566151465 8.7665476402828943  5.2305572206635098 17.812920810973953 17.669150558603619  9.2980919000515243 7.7068110142434669 25.667233518400458  9.4123602135235753 11.412945888122316 30.016125672430682  10.427235355925074 8.6006274977304997 32 
 0 6 0.42876827259747563 1 0.73046862338487673 1 1 6
7 0 0  3 4 2  10.427235355925074 8.6006274977304997 32  10.528489229755937 12.373061757886326 32.000000000000007  9.3760726935957148 16.241501587585081 31.999999999999993  9.7596032864432374 20.568300639552263 32 
 0 4 1 4
7 0 0  5 8 4  -3.2936079622246108 1.4308854228500709 0.80000000000000004  -2.7919852980510012 2.9924865093059712 1.9453350466023505  -2.1750651875503788 13.603457620236197 7.6292929687212627  -1.2672039017283101 10.05463410950599 8.7665476402828943  8.7985772018823987 34.686951647375956 17.669150558603619  6.7332525077705636 17.840631279601546 25.667233518400458  10.487263595991992 24.142495672174814 30.016125672430682  9.7596032864432374 20.568300639552263 32 
 0 6 0.42876827259747563 1 0.73046862338487673 1 1 6
7 0 0  4 5 2  -3.2936079622246108 1.4308854228500709 0.80000000000000004  -3.4516774125430052 1.6354891427234246 0.79999999999999849  -3.8167856538913245 1.856234240154139 0.80000000000000315  -3.7454334541129359 2.0292705802811195 0.79999999999999827  -4.2215563800441842 2.1449102786316998 0.80000000000000004 
 0 5 1 5
7 0 0  5 9 5  -3.2936079622246108 1.4308854228500709 0.80000000000000004  -2.5944827280682192 -3.1067178023357407 7.7802146299123418  -2.8032031023755959 17.623592535533188 -2.0187857683674082  -0.94953821913057723 5.3161960011346778 17.616498499695197  4.4666093735647259 31.020079518214779 5.9889792901716064  7.2749987264051441 20.741212961030236 26.150303280556535  7.8165871529342361 23.356857385822615 23.112547672957916  10.305014407805857 21.402000766546287 32.400804644592299  9.7596032864432374 20.568300639552263 32 
 0 6 0.32078897821669355 1 0.61892117571990968 1 0.83634743456498695 1 1 6
7 0 0  4 5 2  9.7596032864432374 20.568300639552263 32  9.5073321890571147 22.310292905228089 32.000000000000043  11.787833497715507 45.874718208857949 31.999999999999943  4.9544243481487138 38.22657429236002 32.000000000000021  -2.2080698553785276 36.99455510383288 32 
 0 5 1 5
7 0 0  5 9 5  -4.2215563800441842 2.1449102786316998 0.80000000000000004  -1.5343635005629945 11.345474992575319 7.7802146299123418  -11.911310074343595 5.7452173120990651 -2.0187857683674082  -1.3392235205717711 34.700855034391836 17.616498499695197  -10.47371025217134 29.816481013949911 5.9889792901716064  -3.1337025454557068 38.587856384598751 26.150303280556535  -5.0024852057360683 37.030820576264752 23.112547672957916  -1.1005029134029831 38.337187347312543 32.400804644592299  -2.2080698553785276 36.99455510383288 32 
 0 6 0.32078897821669355 1 0.61892117571990968 1 0.83634743456498695 1 1 6
7 0 0  5 6 2  -4.2215563800441842 2.1449102786316998 0.80000000000000004  -5.3291304371105106 4.1966295362938988 0.80000000000000604  -2.6391233242120649 -2.9268538492715717 0.79999999999998717  -6.2935653797408211 6.8488077832700611 0.80000000000001159  -7.3541159040305963 4.3456006758998544 0.79999999999999605  -6.8812901638520358 3.1626707888383496 0.80000000000000004 
 0 6 1 6
7 0 0  5 8 4  -4.2215563800441842 2.1449102786316998 0.80000000000000004  2.7299497258280994 26.852940639099209 16.374383273891649  -15.018950953545454 -14.613032198645129 -11.809812936412158  1.1285477401885871 47.575983507655593 24.64149404116203  -11.238473355153335 24.752296643344053 1.9561220850550569  -2.8839968627697137 41.459711362811582 29.744608166909927  -2.1239244238655246 36.196493016969214 29.140639401762787  -2.2080698553785276 36.99455510383288 32 
 0 6 0.54403231728125245 1 0.7790718644581357 1 1 6
7 0 0  5 6 2  -2.2080698553785276 36.99455510383288 32  -6.2034524791551977 35.245377514230256 31.999999999999876  -10.699644767165637 34.349976438628829 32.000000000000306  -12.266197709130374 29.436826912171774 31.999999999999687  -16.307231353686916 28.458193029673087 32.000000000000128  -17.862842805204043 24.255400447556013 32 
 0 6 1 6
7 0 0  5 8 4  -6.8812901638520358 3.1626707888383496 0.80000000000000004  -14.38991635113787 10.381000701283545 16.374383273891649  -12.514036190604358 8.5279076911154732 -11.809812936412158  -21.95557336219975 22.844634405516359 24.64149404116203  -12.646827690040304 21.966716496670273 1.9561220850550569  -22.239311348879621 27.145561918612788 29.744608166909927  -16.176764741007847 25.34274018834239 29.140639401762787  -17.862842805204043 24.255400447556013 32 
 0 6 0.54403231728125245 1 0.7790718644581357 1 1 6
7 0 0  3 4 2  -6.8812901638520358 3.1626707888383496 0.80000000000000004  -7.0104296466482552 2.067868624665488 0.7999999999999996  -6.8164450277034048 1.2099623294551094 0.8000000000000006  -6.2437695418899501 0.5029370050304981 0.80000000000000004 
 0 4 1 4
7 0 0  5 7 3  -6.8812901638520358 3.1626707888383496 0.80000000000000004  -10.120506618089184 10.186106190131282 2.5264089332339976  -24.440347698498591 11.887989702597437 5.4344844520009232  -8.8889707791345884 26.872898789877418 10.18961378148316  -24.173041493126966 24.570149268499804 20.789019624507816  -17.596593286775686 26.622887864877299 29.074153836055007  -17.862842805204043 24.255400447556013 32 
 0 6 0.63172341848587266 1 1 6
7 0 0  3 4 2  -17.862842805204043 24.255400447556013 32  -20.3355114814342 19.414621749018366 31.999999999999996  -19.795144619594339 13.878921626080549 32  -19.165366697224169 8.6006274977305015 32 
 0 4 1 4
7 0 0  5 7 3  -6.2437695418899501 0.5029370050304981 0.80000000000000004  -10.792763437116836 5.4189516172762495 2.5264089332339976  -15.516690063995917 -4.2802816148292422 5.4344844520009232  -22.310573482149429 22.662729655220062 10.18961378148316  -18.886695947070258 8.2497744637905832 20.789019624507816  -20.161150461853559 10.835306364167993 29.074153836055007  -19.165366697224169 8.6006274977305015 32 
 0 6 0.63172341848587266 1 1 6
7 0 0  3 4 2  -6.2437695418899501 0.5029370050304981 0.80000000000000004  -6.251652278433208 -0.058264515824848373 0.7999999999999996  -5.7400180644481198 -0.47274911115051738 0.80000000000000049  -5.4672885112598397 -0.74279512618515764 0.80000000000000004 
 0 4 1 4
7 0 0  5 6 2  -6.2437695418899501 0.5029370050304981 0.80000000000000004  -11.12929237805605 -3.085994797077193 -1.0333335946857911  -27.446276033516352 18.648956351890394 18.563882411601583  -15.424636284231788 11.649045341397329 8.5373059965027451  -21.723026851861377 11.369589681215137 28.314712436910309  -19.165366697224169 8.6006274977305015 32 
 0 6 1 6
7 0 0  3 4 2  -19.165366697224169 8.6006274977305015 32  -19.133725662579636 4.1374316297906137 32  -16.977693084268758 -0.13595200668341556 31.999999999999993  -15.600905657733451 -4.7922083046244186 32 
 0 4 1 4
7 0 0  5 6 2  -5.4672885112598397 -0.74279512618515764 0.80000000000000004  -9.2194235839608787 -2.8031994170620638 -1.0333335946857911  -20.076104787210536 0.38481849996704653 18.563882411601583  -15.374158233040461 8.1187517128082689 8.5373059965027451  -15.928084965227905 -2.8957270519421594 28.314712436910309  -15.600905657733451 -4.7922083046244186 32 
 0 6 1 6
7 0 0  3 4 2  -5.4672885112598397 -0.74279512618515764 0.80000000000000004  -5.0458869376410274 -1.172664643298891 0.79999999999999993  -4.7368307190169991 -1.4856495553932736 0.79999999999999993  -4.2215563800441851 -1.9777136212965489 0.80000000000000004 
 0 4 1 4
7 0 0  5 6 2  -5.4672885112598397 -0.74279512618515764 0.80000000000000004  -11.481933346707581 -4.2751613442351264 0.16357928526311838  -22.515302081760417 6.989159883172622 23.208561727405112  -12.853145862468516 1.8148098285118659 12.252609265193357  -16.671401674763324 -1.5277840592295411 27.606051611372671  -15.600905657733451 -4.7922083046244186 32 
 0 6 1 6
7 0 0  3 4 2  -15.600905657733451 -4.7922083046244186 32  -12.571730720840925 -10.515838181944787 32  -8.3457028665864836 -17.243216082292737 31.999999999999993  -2.2080698553785347 -19.80702976335737 32 
 0 4 1 4
7 0 0  5 6 2  -4.2215563800441851 -1.9777136212965489 0.80000000000000004  -9.5410460986050651 -5.8012034193612259 0.16357928526311838  -2.5045330812974633 -2.4024124021055826 23.208561727405112  -10.161343644362647 -15.999825082714651 12.252609265193357  -1.8542181047209036 -14.611500440617775 27.606051611372671  -2.2080698553785347 -19.80702976335737 32 
 0 6 1 6
7 0 0  4 5 2  -4.2215563800441851 -1.9777136212965489 0.80000000000000004  -4.08496503926487 -2.3190840044238969 0.79999999999999749  -2.0529656492607766 -2.1525325529166683 0.80000000000000537  -3.052824959718567 -2.0156150479668904 0.79999999999999682  -1.2450844864348198 -2.4735348885788677 0.80000000000000004 
 0 5 1 5
7 0 0  5 8 4  -4.2215563800441851 -1.9777136212965489 0.80000000000000004  -5.792422708356975 -1.8151359232119768 2.3414162766959334  -7.7196956818524987 -7.984850608471687 7.6314833155113622  -4.2859874075800501 -1.9663446939396785 13.51048356196759  -8.1064663661541907 -13.588668713360377 16.770420152495433  -2.9765102340159748 -16.38009786394753 26.867735881126528  -2.4776986461445394 -17.658927355627128 29.344652448658344  -2.2080698553785347 -19.80702976335737 32 
 0 6 0.34662952229890337 1 0.69227204847941892 1 1 6
7 0 0  4 5 2  -2.2080698553785347 -19.80702976335737 32  0.39879278871091195 -22.667120383390035 31.999999999999989  19.133339427640628 -18.491404828518551 32.000000000000043  11.596306000356382 -13.560663857855353 31.999999999999954  11.962756952478928 -5.5701993101269647 32 
 0 5 1 5
7 0 0  5 8 4  -1.2450844864348198 -2.4735348885788677 0.80000000000000004  -2.1437539443344038 -3.0801337740440875 2.3414162766959334  10.415917497333567 -9.5577718775661591 7.6314833155113622  4.3571623014799687 1.0348317406742056 13.51048356196759  7.73466029793655 0.5307153222239851 16.770420152495433  9.6096842897337744 -4.8890717316249148 26.867735881126528  10.858259296198097 -1.909939922468096 29.344652448658344  11.962756952478928 -5.5701993101269647 32 
 0 6 0.34662952229890337 1 0.69227204847941892 1 1 6
7 0 0  3 4 2  -1.2450844864348198 -2.4735348885788677 0.80000000000000004  -0.94427597219295067 -1.7522618178005929 0.80000000000000027  -1.1595615153704968 -0.30693384772740306 0.79999999999999982  -2.3322135266115156 0.50293700503049743 0.80000000000000004 
 0 4 1 4
7 0 0  5 9 5  -1.2450844864348198 -2.4735348885788677 0.80000000000000004  3.8709035346980576 -7.1061800976887364 2.9188793312114241  -3.1492502925568395 -1.0751049925959286 3.4793780861291026  14.753984200973003 -12.710502963071759 9.1767170176239254  -0.82812359415653347 8.4535452530107698 14.263892446866414  13.467027373416961 -7.3558851797316223 23.384507646243129  6.0551903175771393 0.11808817390767246 27.071490505323411  14.934865267143307 -5.6867029999745613 31.405411232152769  11.962756952478928 -5.5701993101269647 32 
 0 6 0.32508758054271791 1 0.56117465350273033 1 0.77316685921436235 1 1 6
7 0 0  3 4 2  11.962756952478928 -5.5701993101269647 32  11.853739448053295 -0.40413261728482963 32.000000000000007  9.9633429826184905 4.2179332832514982 31.999999999999986  10.427235355925074 8.6006274977304962 32 
 0 4 1 4
7 0 0  5 9 5  -2.3322135266115156 0.50293700503049743 0.80000000000000004  -6.2915964074166908 -3.6829486370035553 2.9188793312114241  5.1151029875743967 7.7821991420219572 3.4793780861291026  1.1874028769853524 4.2781573200187388 9.1767170176239254  9.5755943575580176 17.540029562392363 14.263892446866414  4.8742060186692555 8.9905754723719582 23.384507646243129  12.186176508651998 10.972127862268398 27.071490505323411  7.1261021810774396 9.5763034613425884 31.405411232152769  10.427235355925074 8.6006274977304962 32 
 0 6 0.32508758054271791 1 0.56117465350273033 1 0.77316685921436235 1 1 6
7 0 0  3 4 2  10.427235355925074 8.6006274977304997 32  10.511479561577232 12.514363987927574 32.000000000000021  9.3719683787934116 16.312947946512605 31.999999999999982  9.7596032864432374 20.568300639552263 32 
 0 4 1 4
7 0 0  5 8 4  10.427235355925074 8.6006274977304997 32  12.641890360553022 8.0401111288925708 34.39246853309961  9.848643038628893 3.6151261852911203 37.794436440562457  17.227014362668541 3.2191713700723934 45.488216926456175  11.448597043227096 -4.0709984582403393 50.6321742630968  18.979522924488457 -5.3822684191691152 57.803541038627728  16.45280586175144 -7.8909881430516702 62.252908073860297  18.337567252080682 -9.5070344895815708 64 
 0 6 0.33659824693948248 1 0.66857178997774902 1 1 6
7 0 0  3 4 2  18.337567252080682 -9.5070344895815708 64  16.631678882970654 -4.9107108420395154 64.000000000000043  15.742456315842398 -0.48394898651619755 63.999999999999964  14.981468071275842 2.9814262917931007 64 
 0 4 1 4
7 0 0  5 8 4  9.7596032864432374 20.568300639552263 32  11.550258288640379 20.780664608960372 34.39246853309961  9.8553271846900969 15.096479428536529 37.794436440562457  15.187309477601644 17.425684262387662 45.488216926456175  13.721371489394937 9.1520462517430197 50.6321742630968  14.520586311800532 7.7545621197494992 57.803541038627728  15.266354743190147 5.1704701348274691 62.252908073860297  14.981468071275842 2.9814262917931007 64 
 0 6 0.33659824693948248 1 0.66857178997774902 1 1 6
7 0 0  5 6 2  9.7596032864432374 20.568300639552263 32  9.7462535150547716 27.984794971273782 32.000000000000028  9.3842512151234523 24.827391871600383 31.999999999999915  12.911110495729943 49.359439880577696 32.000000000000092  1.3095409549529866 35.991744555949033 31.999999999999975  -2.2080698553785276 36.99455510383288 32 
 0 6 1 6
7 0 0  5 9 5  9.7596032864432374 20.568300639552263 32  12.089735908474552 20.126928926283018 33.769102415990801  9.4025315298830776 18.251375472386258 36.578451458960771  13.700612625884922 14.262851612859404 42.171457572233166  13.353080565598152 15.776294151085473 48.294396458443629  15.144214029260993 5.2319837880054205 55.132314446384925  13.880641701525136 9.4400225880998558 59.572502807555423  15.846522849641987 3.3520742460401802 61.621490797545157  14.981468071275842 2.9814262917931007 64 
 0 6 0.23235951825705464 1 0.4707591484010456 1 0.72252975489071036 1 1 6
7 0 0  5 6 2  14.981468071275842 2.9814262917931007 64  14.565570759514681 10.923235700109025 64.000000000000057  10.748690728293262 0.17952533933348747 63.999999999999829  19.78441305751014 34.598605542296603 64.000000000000185  5.0443507255518503 16.896585476891008 63.99999999999995  2.4930072899011693 16.526591745119262 64 
 0 6 1 6
7 0 0  5 9 5  -2.2080698553785276 36.99455510383288 32  -1.4328268039654823 35.205447343470453 33.769102415990801  -1.3740190331217468 36.390914597004304 36.578451458960771  -0.44523032620992486 30.404364671654854 42.171457572233166  1.1358004611901702 29.578694392837228 48.294396458443629  0.62105887169135165 20.217984111691909 55.132314446384925  2.0724487331370094 21.312245001249135 59.572502807555423  1.8508199680923199 16.902044843563004 61.621490797545157  2.4930072899011693 16.526591745119262 64 
 0 6 0.23235951825705464 1 0.4707591484010456 1 0.72252975489071036 1 1 6
7 0 0  3 4 2  -2.2080698553785276 36.99455510383288 32  -8.4219612844491696 34.86484591534186 31.999999999999982  -14.703316776599248 29.973573087550648 32.000000000000007  -17.862842805204043 24.255400447556013 32 
 0 4 1 4
7 0 0  5 6 2  -2.2080698553785276 36.99455510383288 32  0.14885175512890281 32.626162574528294 41.543463857706342  -1.9399080958937085 34.547682287402424 38.27246675362322  2.6008151117176999 24.388340801733932 52.850278850077515  -0.36992898267846797 26.137031431746959 49.296833719051428  2.4930072899011693 16.526591745119262 64 
 0 6 1 6
7 0 0  3 4 2  2.4930072899011693 16.526591745119262 64  -2.8254839433654952 13.603520222453039 63.999999999999964  -9.5844772575812112 12.899458128110005 64.000000000000014  -14.779763489191392 7.7657362895109934 64 
 0 4 1 4
7 0 0  5 6 2  -17.862842805204043 24.255400447556013 32  -16.223214713207057 18.78831261067026 41.543463857706342  -18.025754750570677 22.753979460687077 38.27246675362322  -14.693627565160966 11.870285129864527 52.850278850077515  -15.154028403323663 14.537882077286532 49.296833719051428  -14.779763489191392 7.7657362895109934 64 
 0 6 1 6
7 0 0  3 4 2  -17.862842805204043 24.255400447556013 32  -20.398435727499319 19.085192316658656 32.000000000000007  -19.761273758171271 14.051922635548566 31.999999999999986  -19.165366697224169 8.6006274977305015 32 
 0 4 1 4
7 0 0  5 8 4  -17.862842805204043 24.255400447556013 32  -17.372538509046109 26.312702907512623 28.764853540261569  -16.504246233641332 12.947772318051015 52.035013954053241  -18.682785968103744 34.386601673918634 16.814093378944833  -12.112134633831353 -3.8752394751567252 81.589348038080232  -17.175854285848445 20.95851114930802 37.127555985331526  -13.062019906760181 2.7327470138394347 75.003097044914739  -14.779763489191392 7.7657362895109934 64 
 0 6 0.33823436922880229 1 0.67347759418202369 1 1 6
7 0 0  3 4 2  -14.779763489191392 7.7657362895109934 64  -18.678475440405627 3.1044996245701451 64.000000000000014  -17.254323796249949 -3.7503397894095634 63.999999999999972  -16.473579684219427 -9.507034489581569 64 
 0 4 1 4
7 0 0  5 8 4  -19.165366697224169 8.6006274977305015 32  -18.70729233517109 10.902180274997562 28.764853540261569  -18.32345001869928 -3.8483117728903942 52.035013954053241  -15.925686988526952 18.454926311911876 16.814093378944833  -17.390377141804443 -20.39196838685757 81.589348038080232  -17.273488538456384 5.0541670121914155 37.127555985331526  -17.047737627781398 -14.215093722946907 75.003097044914739  -16.473579684219427 -9.507034489581569 64 
 0 6 0.33823436922880229 1 0.67347759418202369 1 1 6
7 0 0  3 4 2  -19.165366697224169 8.6006274977305015 32  -19.076438381815741 3.8890981908650883 32  -16.958508103703295 -0.15655106425807816 32.000000000000007  -15.600905657733451 -4.7922083046244186 32 
 0 4 1 4
7 0 0  5 6 2  -19.165366697224169 8.6006274977305015 32  -18.754826551091867 4.4274079683205336 37.823189460155334  -15.271601722527098 2.8912164436289478 45.698309656150656  -16.803243965950443 -4.5417150060206311 49.744936224664244  -18.239620365041336 -4.5161413937778052 58.276222646892386  -16.473579684219427 -9.507034489581569 64 
 0 6 1 6
7 0 0  3 4 2  -16.473579684219427 -9.507034489581569 64  -15.284182487138525 -14.675327788852369 64  -13.474311462629119 -19.036093348047419 64.000000000000014  -11.099990801008477 -23.100032580491213 64 
 0 4 1 4
7 0 0  5 6 2  -15.600905657733451 -4.7922083046244186 32  -13.767638367860121 -8.5734644580896564 37.823189460155334  -16.578135202101144 -13.878716237339972 45.698309656150656  -10.53557985224537 -16.070971573798509 49.744936224664244  -13.909033738155633 -19.562731497179165 58.276222646892386  -11.099990801008477 -23.100032580491213 64 
 0 6 1 6
7 0 0  3 4 2  -15.600905657733451 -4.7922083046244186 32  -12.640879974201766 -10.272050619205135 32.000000000000028  -8.8499976439506369 -16.823665311571055 31.999999999999982  -2.2080698553785347 -19.80702976335737 32 
 0 4 1 4
7 0 0  5 8 4  -15.600905657733451 -4.7922083046244186 32  -15.434938705954286 -5.9556595460068102 34.122745887998917  -14.188245119644399 -8.9324290285344325 37.738552284278292  -15.293437850793186 -12.759253553921891 45.023218805815659  -12.315417518820777 -16.932594391210813 50.847846029898363  -12.532334727559913 -19.110926970676836 57.360185274830755  -12.128738452118373 -22.197251264176618 62.297048035160188  -11.099990801008477 -23.100032580491213 64 
 0 6 0.3451096219707856 1 0.67633262139713568 1 1 6
7 0 0  3 4 2  -11.099990801008477 -23.100032580491213 64  -7.9198207468595925 -28.639209505451774 64.000000000000057  -3.9617325396776013 -34.507333080012842 63.999999999999964  2.4930072899011626 -36.951580374366685 64 
 0 4 1 4
7 0 0  5 8 4  -2.2080698553785347 -19.80702976335737 32  -1.1983297111515188 -22.498012427762589 34.122745887998917  -1.6695024896648403 -22.709491102949791 37.738552284278292  0.92574086133248834 -25.622275614112766 45.023218805815659  0.54444398799771676 -32.015143964846033 50.847846029898363  1.326253225726159 -33.059263524027571 57.360185274830755  2.2032904909949145 -35.013577455233779 62.297048035160188  2.4930072899011626 -36.951580374366685 64 
 0 6 0.3451096219707856 1 0.67633262139713568 1 1 6
7 0 0  5 6 2  -2.2080698553785347 -19.80702976335737 32  3.6880566895699367 -23.695128134699004 32.000000000000277  3.843902299341444 -14.413011901885135 31.99999999999924  19.613641140329008 -27.107508483403507 32.000000000000831  10.689036185632794 -5.9251497360181995 31.999999999999631  11.962756952478928 -5.5701993101269647 32 
 0 6 1 6
7 0 0  5 9 5  -2.2080698553785347 -19.80702976335737 32  -2.0507144013624656 -26.871324884674738 29.875353576626352  -0.93807205068546207 -17.42627244185325 38.608197634298875  -1.1383467889804815 -29.604027549348899 38.981213710675746  1.5436310670155362 -21.701058177461277 49.336271181380013  0.50095522154936756 -39.956596121156906 55.465165903890863  1.9142013425196849 -27.189073180616617 57.461919590843934  1.9303371263981517 -39.052636638839239 62.671752909365779  2.4930072899011626 -36.951580374366685 64 
 0 6 0.26801719523997453 1 0.49959967661319338 1 0.75795368158519283 1 1 6
7 0 0  5 6 2  2.4930072899011626 -36.951580374366685 64  7.0211256786957268 -39.032958104459524 64.000000000000554  12.394689948050221 -37.255081949571647 63.999999999998479  16.728204158484118 -34.187326008654637 64.000000000001663  19.682097710339818 -31.215794453288666 63.999999999999261  20.549020733998244 -27.563047933678654 64 
 0 6 1 6
7 0 0  5 9 5  11.962756952478928 -5.5701993101269647 32  9.4160113849567644 -4.0240596517237375 29.875353576626352  15.38027546945407 -8.839864613020346 38.608197634298875  13.310968606671892 -13.553509813474008 38.981213710675746  17.221153103072059 -12.065743653291193 49.336271181380013  15.841526415192543 -24.798798693938252 55.465165903890863  19.387924158206694 -19.291845412797237 57.461919590843934  19.458515370875983 -27.918679018299514 62.671752909365779  20.549020733998244 -27.563047933678654 64 
 0 6 0.26801719523997453 1 0.49959967661319338 1 0.75795368158519283 1 1 6
7 0 0  3 4 2  11.962756952478928 -5.5701993101269647 32  11.907237390232375 -0.70321243251001286 32.000000000000014  9.9536430410407508 4.2515426652808062 32  10.427235355925074 8.6006274977304962 32 
 0 4 1 4
7 0 0  5 8 4  11.962756952478928 -5.5701993101269647 32  12.440069010147841 -6.249773409850965 36.996266225386265  13.556928249552211 -9.7819636269367614 31.938778815376928  16.792800196867233 -14.750973133263464 53.440444552791462  15.19191259411798 -19.040619829707317 47.903751444913496  18.171020628887618 -21.63396378064251 58.480620200141928  19.942518834360328 -25.732890113852697 61.51526657712666  20.549020733998244 -27.563047933678654 64 
 0 6 0.33224707031092188 1 0.66027120468975631 1 1 6
7 0 0  3 4 2  20.549020733998244 -27.563047933678654 64  20.406782064954921 -21.990317354528084 64.000000000000028  20.547997282615423 -15.488070838552277 64  18.337567252080685 -9.5070344895815744 64 
 0 4 1 4
7 0 0  5 8 4  10.427235355925074 8.6006274977304962 32  13.438498725923074 6.9215856018350985 36.996266225386265  8.3130241490194869 6.3931472095651349 31.938778815376928  19.346270179256127 -0.38339468583937819 53.440444552791462  10.443542815370463 -3.5305644925289545 47.903751444913496  19.36211718750468 -5.1874328110249301 58.480620200141928  16.250413733282244 -7.769275859204261 61.51526657712666  18.337567252080685 -9.5070344895815744 64 
 0 6 0.33224707031092188 1 0.66027120468975631 1 1 6
7 0 0  3 4 2  18.337567252080682 -9.5070344895815708 64  16.821806438517804 -5.3076587832461417 63.999999999999986  15.821193908331331 -1.1507907038950538 64.000000000000028  14.981468071275842 2.9814262917931007 64 
 0 4 1 4
7 0 0  5 8 4  18.337567252080682 -9.5070344895815708 64  18.727624860174984 -9.919636397681602 65.127998419705847  18.594513231915723 -10.711524550411317 67.47189364943344  15.536862154449121 -11.906333775407377 71.937271265301092  15.371840477418459 -10.577396650539566 75.461590133498078  12.804000328425239 -7.4471430850118718 79.261507408296211  9.1558611047282223 -8.6276080131465225 79.117991350405561  7.8973571333248049 -6.8978839641227081 81 
 0 6 0.26964304539921014 1 0.56372666380588465 1 1 6
7 0 0  3 4 2  7.8973571333248049 -6.8978839641227081 81  5.7827542585781622 -3.6865889998925438 80.999999999999957  5.840452518552226 -0.54623685895643492 81.000000000000043  4.9825390507618188 2.6891365449141889 81 
 0 4 1 4
7 0 0  5 8 4  14.981468071275842 2.9814262917931007 64  15.137524441857312 1.626856467503103 65.127998419705847  15.052607732252486 3.1312661681333758 67.47189364943344  15.832744907876958 -1.2491988714916049 71.937271265301092  13.121999003739884 4.8752436760616789 75.461590133498078  8.5208549377324108 1.5390538746817484 79.261507408296211  6.3206795811241738 1.7181859231458574 79.117991350405561  4.9825390507618188 2.6891365449141889 81 
 0 6 0.26964304539921014 1 0.56372666380588465 1 1 6
7 0 0  4 7 3  14.981468071275842 2.9814262917931007 64  14.98248297314697 6.2184716307038901 64.000000000000227  12.740546333297036 8.602353021468133 63.999999999999673  16.086075679422216 16.098725431434541 64.000000000000412  7.4938115194312553 23.87543528954193 63.999999999999766  6.0243973659929324 16.379434004275886 64.000000000000171  2.4930072899011693 16.526591745119262 64 
 0 5 0.49769056577661142 2 1 5
7 0 0  5 9 5  14.981468071275842 2.9814262917931007 64  16.096907550445952 3.5639112941701998 65.403367907102805  13.504585415509577 -0.11392380635906196 66.357590744462087  18.006452173157633 5.0614082709786743 70.534203947084748  10.029433418582258 -3.9446907969387315 74.260020316165139  17.444681231424529 7.2916916725129628 72.87699761869662  5.7832619955660558 -0.90543339543700485 80.77531186821993  7.5120204577866492 3.5630420964069298 78.512866871185139  4.9825390507618188 2.6891365449141889 81 
 0 6 0.19242616227379947 1 0.43173719264655885 1 0.73633997225996395 1 1 6
7 0 0  4 7 3  4.9825390507618188 2.6891365449141889 81  4.3096252981443364 4.4103644379739766 81.000000000000071  3.7327376705426611 7.4321272444767654 81.000000000000028  2.2634709164948306 8.3796406927452818 80.999999999999886  -2.5847047940348329 6.5147651591094693 81.000000000000128  -0.25845563028386248 20.450548844739735 80.999999999999943  -4.6044814582750782 14.914594971754724 81 
 0 5 0.49769056577661142 2 1 5
7 0 0  5 9 5  2.4930072899011693 16.526591745119262 64  3.163702239466986 15.690110346280054 65.403367907102805  2.3218850388234968 15.621572389812638 66.357590744462087  2.6040168433225714 9.9756495008530308 70.534203947084748  1.7329147754457643 17.5041902352059 74.260020316165139  0.48022182529580659 11.880343108874001 72.87699761869662  -1.859303249510214 17.539789473877899 80.77531186821993  -3.716713267383525 13.082767389544603 78.512866871185139  -4.6044814582750782 14.914594971754724 81 
 0 6 0.19242616227379947 1 0.43173719264655885 1 0.73633997225996395 1 1 6
7 0 0  5 6 2  2.4930072899011693 16.526591745119262 64  -2.4567505327813177 15.268894413683253 64.000000000000227  -2.8833438151066861 11.669330375612422 63.999999999999588  -10.25179948636919 14.049030573913402 64.000000000000313  -11.446247170793947 9.9585510564794575 63.999999999999886  -14.779763489191392 7.7657362895109934 64 
 0 6 1 6
7 0 0  5 9 5  2.4930072899011693 16.526591745119262 64  2.2440146594237822 16.02342316630677 66.250579899371118  4.0271354725806363 15.023635854090257 64.682498284238775  -0.49296120576816449 11.417778714216141 73.684942239437973  8.2080070724191643 14.569669640296727 65.356198879634263  -8.3863420118667698 15.325692283584736 85.849601739595528  7.0953656610114031 14.744080574260762 68.25583684221867  -18.878111678792656 14.913768102803239 97.03749289621986  -4.6044814582750782 14.914594971754724 81 
 0 6 0.19996182822371616 1 0.45761360166567677 1 0.69814000830616052 1 1 6
7 0 0  5 6 2  -4.6044814582750782 14.914594971754724 81  -7.7646948954307344 11.219499040268072 81.000000000000341  -12.008968670713116 22.32662649757242 80.999999999999503  -15.35031833576339 9.5941279523979865 81.000000000000313  -17.830263535912813 12.251367676379568 80.999999999999915  -19.321342651049981 7.8189772286521952 81 
 0 6 1 6
7 0 0  5 9 5  -14.779763489191392 7.7657362895109934 64  -15.565618209690477 9.2090576741933017 66.250579899371118  -12.952274876346671 4.2427211166289958 64.682498284238775  -17.435443680882319 8.9923855908235417 73.684942239437973  -12.823994152899694 4.1653260991552035 65.356198879634263  -21.829641626933441 10.195981294032824 85.849601739595528  -13.570426364110226 5.6392600111407845 68.25583684221867  -26.069996030456139 9.7902110076496722 97.03749289621986  -19.321342651049981 7.8189772286521952 81 
 0 6 0.19996182822371616 1 0.45761360166567677 1 0.69814000830616052 1 1 6
7 0 0  3 4 2  -14.779763489191392 7.7657362895109934 64  -18.658252641559493 3.3554812750480467 63.999999999999979  -17.253189033301528 -3.9165055242521367 64.000000000000014  -16.473579684219427 -9.507034489581569 64 
 0 4 1 4
7 0 0  5 8 4  -14.779763489191392 7.7657362895109934 64  -14.84287211817761 8.6480453939042636 65.169908715949646  -14.034725243741651 4.2722622914769239 67.443472076058654  -16.209508347623725 9.7534564316805117 70.750590802495097  -16.675395993599388 4.4875062207346126 74.715107162366934  -18.043435530081258 9.4954800985147223 77.487392034027152  -18.608426163281219 6.6919274789499905 80.002952302441017  -19.321342651049981 7.8189772286521952 81 
 0 6 0.32555623930682964 1 0.65439175612745304 1 1 6
7 0 0  3 4 2  -19.321342651049981 7.8189772286521952 81  -21.967466993947738 3.3285486934825661 81.000000000000028  -20.377841900238522 -2.3827188937124748 80.999999999999957  -19.556517943830123 -6.8978839641227063 81 
 0 4 1 4
7 0 0  5 8 4  -16.473579684219427 -9.507034489581569 64  -16.233933810803705 -9.8655853514995275 65.169908715949646  -17.109365459274112 -10.828334684650745 67.443472076058654  -14.789457812579105 -11.375770614150461 70.750590802495097  -18.88790239165052 -11.438472134528123 74.715107162366934  -18.345698842334468 -8.2802728263315597 77.487392034027152  -18.512257800196895 -8.1206191536662562 80.002952302441017  -19.556517943830123 -6.8978839641227063 81 
 0 6 0.32555623930682964 1 0.65439175612745304 1 1 6
7 0 0  3 4 2  -16.473579684219427 -9.507034489581569 64  -15.39663039039508 -14.284001304643439 63.999999999999979  -13.510028255549354 -19.031247156178377 64  -11.099990801008477 -23.100032580491213 64 
 0 4 1 4
7 0 0  3 4 2  -16.473579684219427 -9.507034489581569 64  -16.00190529271616 -12.784185613251122 71.521753825562357  -17.919540374518657 -10.264166597250888 75.641648925641164  -19.556517943830123 -6.8978839641227063 81 
 0 4 1 4
7 0 0  3 4 2  -19.556517943830123 -6.8978839641227063 81  -18.564026745956966 -10.666614422298474 81.000000000000028  -17.128919548762195 -14.195502825324867 80.999999999999972  -15.808099497143758 -18.101502002991381 81 
 0 4 1 4
7 0 0  3 4 2  -11.099990801008477 -23.100032580491213 64  -9.9944434038145911 -26.043355857261886 71.521753825562357  -13.62973767993077 -24.864971474442555 75.641648925641164  -15.808099497143758 -18.101502002991381 81 
 0 4 1 4
7 0 0  4 5 2  -11.099990801008477 -23.100032580491213 64  -8.7345424468564339 -27.476954894102956 63.999999999999993  -6.2492279805911695 -30.56638446391392 63.999999999999986  -2.7963391222061045 -35.183590589865581 64.000000000000028  2.4930072899011626 -36.951580374366685 64 
 0 5 1 5
7 0 0  5 8 4  -11.099990801008477 -23.100032580491213 64  -10.081821301690351 -21.168295390043369 59.559266752266169  -11.116872196403655 -26.801501380722293 70.291955627486942  -12.428051468994653 -20.992523318613998 76.274828825646537  -9.9701206084448302 -30.554975787467935 64.961721539873423  -17.714422499724915 -15.61703911141295 87.755073968996982  -13.188021415755252 -23.045481157978578 74.230394882831973  -15.808099497143758 -18.101502002991381 81 
 0 6 0.27314972426342327 1 0.59194929644672656 1 1 6
7 0 0  4 5 2  -15.808099497143758 -18.101502002991381 81  -14.137147637453378 -21.456438553894841 80.999999999999787  -13.123192947352639 -27.534484431314702 81.000000000000355  -8.4790055503176021 -28.531020008726522 80.999999999999801  -4.6044814582750835 -27.856164125152095 81 
 0 5 1 5
7 0 0  5 8 4  2.4930072899011626 -36.951580374366685 64  3.3974602527158311 -35.780851270635566 59.559266752266169  2.4817467701889027 -42.762702609275394 70.291955627486942  0.93435856138596396 -30.477030630091591 76.274828825646537  4.4060288030583283 -46.252177870112646 64.961721539873423  -5.5506256942431449 -21.074531882639732 87.755073968996982  -0.96088110672752325 -35.210144336242251 74.230394882831973  -4.6044814582750835 -27.856164125152095 81 
 0 6 0.27314972426342327 1 0.59194929644672656 1 1 6
7 0 0  3 4 2  2.4930072899011626 -36.951580374366685 64  10.047471336453139 -39.602470849374996 63.999999999999993  18.615471779631228 -33.886787167081728 64  20.549020733998244 -27.563047933678654 64 
 0 4 1 4
7 0 0  5 7 3  2.4930072899011626 -36.951580374366685 64  3.185344902665991 -39.899848797356142 67.669597628842766  0.70820614812477967 -36.620635274854557 68.279936606551843  6.0939343180801133 -43.764857979178785 72.210238549591011  -4.9023179109850945 -25.003899839059116 80.265473386212875  -1.4506842365285393 -32.470510671761744 78.29939805342255  -4.6044814582750835 -27.856164125152095 81 
 0 6 0.40809486167865228 1 1 6
7 0 0  3 4 2  -4.6044814582750835 -27.856164125152095 81  1.1356392285641155 -26.681465861021824 81.000000000000043  5.5801478370954039 -25.01666036819573 80.999999999999972  12.302605994265852 -23.804971416663648 81 
 0 4 1 4
7 0 0  5 7 3  20.549020733998244 -27.563047933678654 64  21.68097553814075 -29.462078552754988 67.669597628842766  20.580280262767474 -29.602177385457303 68.279936606551843  26.513626314448793 -35.225959600485474 72.210238549591011  13.560472136190604 -24.372469667296315 80.265473386212875  16.655093086888307 -27.275075373892822 78.29939805342255  12.302605994265852 -23.804971416663648 81 
 0 6 0.40809486167865228 1 1 6
7 0 0  4 5 2  20.549020733998244 -27.563047933678654 64  21.01679791095204 -19.319960044423624 64.000000000000085  19.072245750894837 -19.309719221151688 63.999999999999858  20.94052800620317 -15.523389880226709 64.000000000000057  18.337567252080685 -9.5070344895815744 64 
 0 5 1 5
7 0 0  5 8 4  20.549020733998244 -27.563047933678654 64  17.920226328627194 -21.987326237092184 58.226831684651557  24.418942683254496 -34.885925339781274 71.010337924054426  18.612000402552994 -25.687760334946532 73.839297683515184  22.60971690206366 -35.00012236851007 72.550868245380258  16.50473331239483 -24.205644145512718 79.606780694076079  11.034209591312811 -25.282979863023524 81.35796430993723  12.302605994265852 -23.804971416663648 81 
 0 6 0.26387792295030366 1 0.56257873859316054 1 1 6
7 0 0  4 5 2  12.302605994265852 -23.804971416663648 81  23.27152865596824 -24.646292378181037 80.999999999999801  6.808884533542388 -10.698103764593082 81.000000000000256  10.667580455493516 -12.771457504217258 80.999999999999858  7.8973571333248067 -6.8978839641227108 81 
 0 5 1 5
7 0 0  5 8 4  18.337567252080685 -9.5070344895815744 64  20.791334897721494 -7.9017589456034187 58.226831684651557  17.564580433959577 -12.312290878600187 71.010337924054426  14.470407565434826 -10.078713142363899 73.839297683515184  15.703958063947567 -11.423440966330766 72.550868245380258  14.924315890791799 -8.0813874772666345 79.606780694076079  3.6037987443233845 -6.896626705830192 81.35796430993723  7.8973571333248067 -6.8978839641227108 81 
 0 6 0.26387792295030366 1 0.56257873859316054 1 1 6
7 0 0  3 4 2  7.8973571333248049 -6.8978839641227081 81  5.9428060912587473 -3.934953359521435 80.999999999999943  5.8956064658839962 -1.1499911933362508 81.000000000000043  4.9825390507618188 2.6891365449141889 81 
 0 4 1 4
7 0 0  5 7 3  7.8973571333248049 -6.8978839641227081 81  1.3359595584555672 -3.2535970866412804 84.403304830762394  -1.953850060443358 0.51508887836411432 87.633546597218938  15.354632873425636 -12.701817858960538 76.797167022785317  -26.322629202799902 15.417972405259334 103.35111781589316  -7.7283332887426015 2.1291762562756769 92.481107585997421  -16.541708369207907 6.852741081394484 97.200000000000003 
 0 6 0.51708638877967406 1 1 6
7 0 0  3 4 2  -16.541708369207907 6.852741081394484 97.200000000000003  -16.674633921382075 7.2987255841349628 97.200000000000031  -16.563949171098788 7.9995534323490336 97.199999999999974  -16.955048000147972 8.4381732492293526 97.200000000000003 
 0 4 1 4
7 0 0  5 7 3  4.9825390507618188 2.6891365449141889 81  -0.95187631581640542 6.1135477480084441 84.403304830762394  -4.3908410459779681 6.9391702533182178 87.633546597218938  8.0506779172572003 0.45853084891348317 76.797167022785317  -25.330481835506838 14.127358902638706 103.35111781589316  -10.822761668450269 6.4068407669681102 92.481107585997421  -16.955048000147972 8.4381732492293526 97.200000000000003 
 0 6 0.51708638877967406 1 1 6
7 0 0  4 5 2  4.9825390507618188 2.6891365449141889 81  3.8301681122890625 14.139501194303536 81.000000000000028  -5.4520362437216008 -1.4999159471216572 81.000000000000014  2.293096958536283 17.900069885592501 80.999999999999986  -4.6044814582750782 14.914594971754724 81 
 0 5 1 5
7 0 0  5 8 4  4.9825390507618188 2.6891365449141889 81  -3.363663202920403 5.3468437789150531 87.571542438533001  10.900732207373927 2.7656764016149626 75.187323801348953  -15.568828582566081 9.244719431582908 95.849282531052012  -0.48298443125534618 3.794701146758257 83.737259484635388  -17.131707208772404 11.09741306895198 96.976726573384326  -13.857370639310554 6.0382610676705006 95.09960887508943  -16.955048000147972 8.4381732492293526 97.200000000000003 
 0 6 0.40511673548807942 1 0.69708385539968154 1 1 6
7 0 0  4 5 2  -16.955048000147972 8.4381732492293526 97.200000000000003  -17.482873400831707 9.3726403977931732 97.200000000000074  -17.835312031031417 10.58253907220268 97.199999999999932  -17.706510616180001 9.4692534077306707 97.200000000000031  -18.540480167982842 10.778205991558035 97.200000000000003 
 0 5 1 5
7 0 0  5 8 4  -4.6044814582750782 14.914594971754724 81  -10.888960345179829 14.34910866678733 87.571542438533001  -1.4640217782337892 14.634590795171793 75.187323801348953  -20.003300901354478 14.40275302299996 95.849282531052012  -8.1636142335838642 14.12126659501412 83.737259484635388  -20.045820793708991 19.85448982457201 96.976726573384326  -16.066158608424018 11.313911842325476 95.09960887508943  -18.540480167982842 10.778205991558035 97.200000000000003 
 0 6 0.40511673548807942 1 0.69708385539968154 1 1 6
7 0 0  4 7 3  -4.6044814582750782 14.914594971754724 81  -6.3694982356651924 12.910909773412278 80.999999999999886  -8.9237228906739041 15.720377124331746 81.000000000000085  -13.709810143331161 15.444919439252347 80.99999999999973  -16.752415308248942 11.052853737576227 81.000000000000327  -18.584237679399621 10.373106121203035 80.999999999999645  -19.321342651049981 7.8189772286521952 81 
 0 5 0.51628301138431454 2 1 5
7 0 0  5 9 5  -4.6044814582750782 14.914594971754724 81  -0.88413745958075651 18.62749825031824 79.2329635674283  -12.012747664912832 10.226753987198606 84.928742275663581  -7.4070843864970151 18.814436571333019 83.927497898272321  -15.879258377298122 9.1019151399669127 89.521466949038427  -13.509523703797683 21.690634765416796 91.509572592778937  -20.772498162106899 13.229230808289053 96.955624688463274  -13.591198687381912 12.767311545044919 95.264935168314281  -18.540480167982842 10.778205991558035 97.200000000000003 
 0 6 0.29095901977650618 1 0.53844431177994412 1 0.73663624174176934 1 1 6
7 0 0  4 7 3  -18.540480167982842 10.778205991558035 97.200000000000003  -19.028196496454949 12.327296563192251 97.199999999999321  -19.428135925098768 11.333965111175864 97.200000000000784  -20.470298618142433 11.460377600953699 97.199999999998852  -20.381368833231949 9.3407197738446275 97.200000000000941  -20.440311532682752 9.307361453873634 97.199999999999108  -20.727840820074512 9.0401017334861553 97.200000000000003 
 0 5 0.51628301138431454 2 1 5
7 0 0  5 9 5  -19.321342651049981 7.8189772286521952 81  -19.022678652242533 8.6040445542598132 79.2329635674283  -20.192133422411125 6.2732354874514336 84.928742275663581  -21.165227129476754 9.6001634094376325 83.927497898272321  -24.230594896201815 8.9010024103413379 89.521466949038427  -22.64987303193621 12.179055884758888 91.509572592778937  -23.860480804413328 10.654838751865448 96.955624688463274  -19.246910572071712 8.3812022509475472 95.264935168314281  -20.727840820074512 9.0401017334861553 97.200000000000003 
 0 6 0.29095901977650618 1 0.53844431177994412 1 0.73663624174176934 1 1 6
7 0 0  3 4 2  -19.321342651049981 7.8189772286521952 81  -21.799183717499471 3.903343919702388 80.999999999999972  -20.570495704861319 -1.8602497400220817 81.000000000000028  -19.556517943830123 -6.8978839641227063 81 
 0 4 1 4
7 0 0  5 6 2  -19.321342651049981 7.8189772286521952 81  -19.537551059458732 6.9188754671749955 83.896464225573808  -24.908576940568935 9.5473306878267401 88.142196803234398  -22.964572158527233 12.11118124355016 89.799783321818893  -24.257996653268794 11.625458268669517 94.649633040884396  -20.727840820074512 9.0401017334861553 97.200000000000003 
 0 6 1 6
7 0 0  3 4 2  -20.727840820074512 9.0401017334861553 97.200000000000003  -21.201525797465226 8.5506300938915949 97.199999999999974  -21.045040794868925 7.6671054405581902 97.200000000000045  -21.005114581972805 6.852741081394484 97.200000000000003 
 0 4 1 4
7 0 0  5 6 2  -19.556517943830123 -6.8978839641227063 81  -21.723282927216491 -2.2071521960856431 83.896464225573808  -19.817705416949735 -3.5860425778558467 88.142196803234398  -23.217199958462828 4.5188622128171536 89.799783321818893  -23.523707935762708 3.9704173980267461 94.649633040884396  -21.005114581972805 6.852741081394484 97.200000000000003 
 0 6 1 6
7 0 0  3 4 2  -19.556517943830123 -6.8978839641227063 81  -18.528250432576336 -10.772807803160665 80.999999999999972  -17.058354702895961 -14.395228646690262 81.000000000000057  -15.808099497143758 -18.101502002991381 81 
 0 4 1 4
7 0 0  3 4 2  -19.556517943830123 -6.8978839641227063 81  -20.346242191572916 -3.7683621166631265 83.504667617285151  -24.472646844932768 5.0534700331396172 94.304167154705709  -21.005114581972805 6.852741081394484 97.200000000000003 
 0 4 1 4
7 0 0  3 4 2  -21.005114581972805 6.852741081394484 97.200000000000003  -20.60455164657165 6.2024933631434056 97.200000000000003  -20.268607255241626 5.8711704995093417 97.200000000000017  -20.355961805309306 5.0372594440680203 97.200000000000003 
 0 4 1 4
7 0 0  3 4 2  -15.808099497143758 -18.101502002991381 81  -18.20678963309334 -11.346604550286166 83.504667617285151  -22.894867408277683 -0.79008821531436002 94.304167154705709  -20.355961805309306 5.0372594440680203 97.200000000000003 
 0 4 1 4
7 0 0  3 4 2  -15.808099497143758 -18.101502002991381 81  -13.836394823912521 -24.068207567286013 80.999999999999886  -10.201399133202781 -29.499271608836217 81.000000000000128  -4.6044814582750835 -27.856164125152095 81 
 0 4 1 4
7 0 0  4 5 2  -15.808099497143758 -18.101502002991381 81  -18.667919404108616 -11.242391485512655 84.340768263398544  -19.793130237541178 -5.6698080916822153 88.827414748009815  -22.525801962597352 -0.51164541906203498 94.411836846070301  -20.355961805309306 5.0372594440680203 97.200000000000003 
 0 5 1 5
7 0 0  3 4 2  -20.355961805309306 5.0372594440680203 97.200000000000003  -19.980064694809187 4.1651804905178249 97.200000000000017  -19.590763501434278 3.0500342033200254 97.200000000000003  -18.540480167982842 2.8624409861625812 97.200000000000003 
 0 4 1 4
7 0 0  4 5 2  -4.6044814582750835 -27.856164125152095 81  -10.534329073077723 -24.045272952519074 84.340768263398544  -13.816341386220898 -16.22215955791242 88.827414748009815  -16.858990947675025 -8.2056927380848617 94.411836846070301  -18.540480167982842 2.8624409861625812 97.200000000000003 
 0 5 1 5
7 0 0  3 4 2  -4.6044814582750835 -27.856164125152095 81  0.9570974839940698 -26.722545407516716 80.999999999999943  5.902550554922728 -24.938482887719729 81.000000000000057  12.302605994265852 -23.804971416663648 81 
 0 4 1 4
7 0 0  5 9 5  -4.6044814582750835 -27.856164125152095 81  -5.285394345748724 -24.714746535661448 82.527009462420622  -9.1268132014576899 -26.991743015089838 82.501996089900615  -9.8844524370276829 -20.473974173397597 86.253464054478982  -14.956798543584018 -16.241010774694686 88.606471709058951  -15.1136311868623 -8.1357732183130622 94.066720374785319  -19.383657772234542 -3.59562517284549 94.261706056316271  -15.321674250111617 1.8643083282328425 98.582585777249108  -18.540480167982842 2.8624409861625812 97.200000000000003 
 0 6 0.24707617844083585 1 0.46498251911649247 1 0.6921079663417522 1 1 6
7 0 0  3 4 2  -18.540480167982842 2.8624409861625812 97.200000000000003  -17.472251493818604 1.9148312717993972 97.199999999999932  -15.681038321193942 2.8378211754759874 97.200000000000045  -15.94248100781917 4.25474192123081 97.200000000000003 
 0 4 1 4
7 0 0  5 9 5  12.302605994265852 -23.804971416663648 81  13.527650394723738 -25.172580057715148 82.527009462420622  2.0585804479545917 -15.092488880735274 82.501996089900615  4.8389988464030651 -17.201022356060182 86.253464054478982  -8.7681867198803154 -6.0887483661186419 88.606471709058951  -1.7100256621896968 -8.1953373285233653 94.066720374785319  -20.019664866384019 5.8140399484438792 94.261706056316271  -3.302817855736925 -6.3360281868816264 98.582585777249108  -15.94248100781917 4.25474192123081 97.200000000000003 
 0 6 0.24707617844083585 1 0.46498251911649247 1 0.6921079663417522 1 1 6
7 0 0  4 5 2  12.302605994265852 -23.804971416663648 81  22.798683753638763 -25.819936490887429 81.000000000000071  8.5969244678600347 -11.789215355279577 80.999999999999915  9.7300363170806161 -11.759336386290114 81.000000000000028  7.8973571333248067 -6.8978839641227108 81 
 0 5 1 5
7 0 0  5 9 5  12.302605994265852 -23.804971416663648 81  27.631124727469818 -37.921363614500017 81.932062676610173  -3.0599264356307465 -10.449928613409881 82.390689069385104  10.885703138422793 -22.559542128930062 83.982562914586396  -10.761547573451113 -4.4672438618147083 89.169226699725357  -0.89369961158401523 -9.5798336076894834 92.567024983519786  -18.574961820804781 5.1529472022474652 95.020339950163375  -6.0767702584715408 -4.5170909061451141 98.087253598368321  -15.94248100781917 4.25474192123081 97.200000000000003 
 0 6 0.3504092674379759 1 0.55065803079109255 1 0.7574108505819831 1 1 6
7 0 0  4 5 2  -15.94248100781917 4.25474192123081 97.200000000000003  -16.114631409584241 5.3301870969844014 97.199999999999847  -15.555683241119816 5.1612390277992031 97.200000000000358  -16.105625458354776 6.2248222298790603 97.199999999999761  -16.541708369207907 6.8527410813944831 97.200000000000003 
 0 5 1 5
7 0 0  5 9 5  7.8973571333248067 -6.8978839641227108 81  3.4141930527048121 -9.7406341306567015 81.932062676610173  6.4778655065631199 -2.9827897138510835 82.390689069385104  1.9935672383583709 -4.5253900205671789 83.982562914586396  -2.6636215493963249 0.54060552112587423 89.169226699725357  -9.5663186076860107 3.779667977037402 92.567024983519786  -12.773728180249842 6.1343950014997208 95.020339950163375  -15.641264775899256 4.9137447007784516 98.087253598368321  -16.541708369207907 6.8527410813944831 97.200000000000003 
 0 6 0.3504092674379759 1 0.55065803079109255 1 0.7574108505819831 1 1 6
Polygon3D 0
PolygonOnTriangulations 0
Surfaces 32
9 0 0 0 0 5 3 8 4 4 2 -2.3322135266115165 0.50293700503049787 0.80000000000000004  -2.884753910318393 1.0440882529423448 0.79999999999999993  -3.1297387908187186 1.2554079043069828 0.80000000000000004  -3.2936079622246108 1.4308854228500709 0.80000000000000004  
-1.0314375159134577 0.52687741839634938 1.9453350466023505  -0.79256521557446047 0.81039041553069069 1.9453350466022474  3.539194829535365 7.1246003408204546 1.9453350466018442  -2.7919852980510012 2.9924865093059712 1.9453350466023505  
2.8137700459555166 7.5198966108584528 7.6292929687212627  1.4210067364385432 13.227399229290278 7.6292929687214315  -12.46501013824005 4.243959197667678 7.6292929687221616  -2.1750651875503788 13.603457620236197 7.6292929687212627  
6.0517266447858109 7.1237636566151465 8.7665476402828943  3.9499664267601045 6.9493808787320361 8.7665476402826528  16.852130834946056 23.352991645187323 8.7665476402816509  -1.2672039017283101 10.05463410950599 8.7665476402828943  
5.2305572206635098 17.812920810973953 17.669150558603619  6.1962918191729379 24.021952816603768 17.669150558603825  -4.6083045137697169 18.370124755489165 17.66915055860467  8.7985772018823987 34.686951647375956 17.669150558603619  
9.2980919000515243 7.7068110142434669 25.667233518400458  8.5857384228552363 10.296093554819599 25.667233518400337  11.903023473868124 18.641470676359372 25.667233518399932  6.7332525077705636 17.840631279601546 25.667233518400458  
9.4123602135235753 11.412945888122316 30.016125672430682  9.7579666747514722 15.612183052949486 30.016125672430746  7.3774769123505024 16.896101729545023 30.016125672430935  10.487263595991992 24.142495672174814 30.016125672430682  
10.427235355925074 8.6006274977304997 32  10.528489229755937 12.373061757886326 32.000000000000007  9.3760726935957148 16.241501587585081 31.999999999999993  9.7596032864432374 20.568300639552263 32  

0 6
0.42876827259747563 1
0.73046862338487673 1
1 6

0 4
1 4

9 0 0 0 0 5 4 9 5 5 2 -3.2936079622246108 1.4308854228500709 0.80000000000000004  -3.4516774125430052 1.6354891427234246 0.79999999999999849  -3.8167856538913245 1.856234240154139 0.80000000000000315  -3.7454334541129359 2.0292705802811195 0.79999999999999827  -4.2215563800441842 2.1449102786316998 0.80000000000000004  
-2.5944827280682192 -3.1067178023357407 7.7802146299123418  8.4219557056821586 5.994936198835747 7.7802146299122139  -9.0377931744328208 1.2820891534814187 7.7802146299129298  3.2225117724164516 -6.7354412828252848 7.7802146299109545  -1.5343635005629945 11.345474992575319 7.7802146299123418  
-2.8032031023755959 17.623592535533188 -2.0187857683674082  -19.473223890853411 5.5062376380573212 -2.0187857683672412  1.8777185881256102 16.774720670552586 -2.0187857683681223  -13.597479159046523 29.120395506654663 -2.0187857683656247  -11.911310074343595 5.7452173120990651 -2.0187857683674082  
-0.94953821913057723 5.3161960011346778 17.616498499695197  18.179885930145996 24.528308887661794 17.616498499694984  -13.935971323154515 10.342902704360391 17.616498499695943  7.0668360968259165 -4.258501170934565 17.616498499693279  -1.3392235205717711 34.700855034391836 17.616498499695197  
4.4666093735647259 31.020079518214779 5.9889792901716064  -18.672836283633398 12.414677775501772 5.9889792901717556  8.9627772755498949 35.387363796828531 5.9889792901710308  -7.7240920858232176 51.184479737077851 5.9889792901733401  -10.47371025217134 29.816481013949911 5.9889792901716064  
7.2749987264051441 20.741212961030236 26.150303280556535  21.568913749360561 41.220260447578347 26.150303280556393  -4.5855819434122154 28.176309500431429 26.150303280557004  7.6270319382345049 36.534523247738385 26.150303280555455  -3.1337025454557068 38.587856384598751 26.150303280556535  
7.8165871529342361 23.356857385822615 23.112547672957916  2.2075427840549207 18.460037563399567 23.112547672958065  15.376524517822306 58.012534218772181 23.112547672957547  -1.3068882905253396 33.36683260214263 23.112547672958591  -5.0024852057360683 37.030820576264752 23.112547672957916  
10.305014407805857 21.402000766546287 32.400804644592299  11.964265287613097 26.100440085307604 32.4008046445921  7.3278757882729399 35.618233186688208 32.400804644592647  8.7467677351622957 45.526017533354903 32.400804644591801  -1.1005029134029831 38.337187347312543 32.400804644592299  
9.7596032864432374 20.568300639552263 32  9.5073321890571147 22.310292905228089 32.000000000000043  11.787833497715507 45.874718208857949 31.999999999999943  4.9544243481487138 38.22657429236002 32.000000000000021  -2.2080698553785276 36.99455510383288 32  

0 6
0.32078897821669355 1
0.61892117571990968 1
0.83634743456498695 1
1 6

0 5
1 5

9 0 0 0 0 5 5 8 6 4 2 -4.2215563800441842 2.1449102786316998 0.80000000000000004  -5.3291304371105106 4.1966295362938988 0.80000000000000604  -2.6391233242120649 -2.9268538492715717 0.79999999999998717  -6.2935653797408211 6.8488077832700611 0.80000000000001159  -7.3541159040305963 4.3456006758998544 0.79999999999999605  -6.8812901638520358 3.1626707888383496 0.80000000000000004  
2.7299497258280994 26.852940639099209 16.374383273891649  -14.32672691995954 56.47142475846136 16.374383273889002  30.707498991509446 -77.845717979845759 16.374383273883588  -49.438050997390732 110.45490098609211 16.37438327389286  10.38461447691121 -28.433506624302083 16.374383273887538  -14.38991635113787 10.381000701283545 16.374383273891649  
-15.018950953545454 -14.613032198645129 -11.809812936412158  1.083625664070766 -58.166646020032715 -11.809812936409585  -40.688998955079825 110.93215840051637 -11.809812936403681  14.167863278685203 -71.525157756946527 -11.809812936413657  -32.242698103550339 46.311494948311513 -11.809812936407852  -12.514036190604358 8.5279076911154732 -11.809812936412158  
1.1285477401885871 47.575983507655593 24.64149404116203  -15.45334854291252 98.527774255049536 24.641494041159902  6.3976843281008513 -39.508222131803052 24.641494041153905  -35.941786486087892 93.608871629776772 24.641494041163778  -4.5991277892843314 -0.96185407988623695 24.641494041157959  -21.95557336219975 22.844634405516359 24.64149404116203  
-11.238473355153335 24.752296643344053 1.9561220850550569  -5.8415075280640032 -7.6035482045243441 1.9561220850559664  -24.088562869771323 73.693720570163805 1.9561220850608834  -2.0884511757547557 -10.550891936102772 1.9561220850532237  -20.746030716343924 38.727913275543983 1.9561220850578422  -12.646827690040304 21.966716496670273 1.9561220850550569  
-2.8839968627697137 41.459711362811582 29.744608166909927  -11.182420096858062 55.373748731693112 29.744608166909657  -5.5387241248672083 14.522800083419853 29.744608166907405  -23.250552417690443 54.347248011563295 29.74460816691083  -17.452690235532753 25.569058076284371 29.744608166908741  -22.239311348879621 27.145561918612788 29.744608166909927  
-2.1239244238655246 36.196493016969214 29.140639401762787  -3.0762888718634005 24.758850687895443 29.140639401762265  -15.377060234613646 52.37801341892623 29.140639401766101  -5.7996448006461891 15.885968095376478 29.140639401760435  -16.858993139180363 33.847186551330815 29.140639401764272  -16.176764741007847 25.34274018834239 29.140639401762787  
-2.2080698553785276 36.99455510383288 32  -6.2034524791551977 35.245377514230256 31.999999999999876  -10.699644767165637 34.349976438628829 32.000000000000306  -12.266197709130374 29.436826912171774 31.999999999999687  -16.307231353686916 28.458193029673087 32.000000000000128  -17.862842805204043 24.255400447556013 32  

0 6
0.54403231728125245 1
0.7790718644581357 1
1 6

0 6
1 6

9 0 0 0 0 5 3 7 4 3 2 -6.8812901638520358 3.1626707888383496 0.80000000000000004  -7.0104296466482552 2.067868624665488 0.7999999999999996  -6.8164450277034048 1.2099623294551094 0.8000000000000006  -6.2437695418899501 0.5029370050304981 0.80000000000000004  
-10.120506618089184 10.186106190131282 2.5264089332339976  -11.739897823326324 9.0657718193245707 2.526408933233995  -7.8778716224729664 6.08088024872026 2.5264089332340873  -10.792763437116836 5.4189516172762495 2.5264089332339976  
-24.440347698498591 11.887989702597437 5.4344844520009232  -20.59178893128902 1.4638207355139556 5.4344844520009588  -21.760432598067233 -0.46499683916301393 5.4344844520008309  -15.516690063995917 -4.2802816148292422 5.4344844520009232  
-8.8889707791345884 26.872898789877418 10.18961378148316  -15.458560021241858 31.479700888428752 10.189613781483075  -17.957298779633945 27.008714564500995 10.189613781483139  -22.310573482149429 22.662729655220062 10.18961378148316  
-24.173041493126966 24.570149268499804 20.789019624507816  -25.747190327540444 17.930804092755423 20.789019624507873  -23.351895779379795 12.480338679433551 20.78901962450793  -18.886695947070258 8.2497744637905832 20.789019624507816  
-17.596593286775686 26.622887864877299 29.074153836055007  -19.781437087044509 21.473765768502783 29.074153836055007  -18.649669229489898 16.142466208745276 29.07415383605494  -20.161150461853559 10.835306364167993 29.074153836055007  
-17.862842805204043 24.255400447556013 32  -20.3355114814342 19.414621749018366 31.999999999999996  -19.795144619594339 13.878921626080549 32  -19.165366697224169 8.6006274977305015 32  

0 6
0.63172341848587266 1
1 6

0 4
1 4

9 0 0 0 0 5 3 6 4 2 2 -6.2437695418899501 0.5029370050304981 0.80000000000000004  -6.251652278433208 -0.058264515824848373 0.7999999999999996  -5.7400180644481198 -0.47274911115051738 0.80000000000000049  -5.4672885112598397 -0.74279512618515764 0.80000000000000004  
-11.12929237805605 -3.085994797077193 -1.0333335946857911  -15.04642772532328 -4.7974420051408551 -1.0333335946859581  -7.4726158140140519 -2.711154756940803 -1.0333335946862103  -9.2194235839608787 -2.8031994170620638 -1.0333335946857911  
-27.446276033516352 18.648956351890394 18.563882411601583  -17.887829046549449 14.164825209263295 18.563882411601917  -27.065041643342628 4.7587010499050564 18.563882411602414  -20.076104787210536 0.38481849996704653 18.563882411601583  
-15.424636284231788 11.649045341397329 8.5373059965027451  -22.535472084655559 9.2132230328522802 8.5373059965024538  -13.158715643809799 9.7402317558490896 8.5373059965020204  -15.374158233040461 8.1187517128082689 8.5373059965027451  
-21.723026851861377 11.369589681215137 28.314712436910309  -16.101351163210644 7.0874719784286651 28.314712436910384  -20.275543211555764 1.1722329489034236 28.314712436910607  -15.928084965227905 -2.8957270519421594 28.314712436910309  
-19.165366697224169 8.6006274977305015 32  -19.133725662579636 4.1374316297906137 32  -16.977693084268758 -0.13595200668341556 31.999999999999993  -15.600905657733451 -4.7922083046244186 32  

0 6
1 6

0 4
1 4

9 0 0 0 0 5 3 6 4 2 2 -5.4672885112598397 -0.74279512618515764 0.80000000000000004  -5.0458869376410274 -1.172664643298891 0.79999999999999993  -4.7368307190169991 -1.4856495553932736 0.79999999999999993  -4.2215563800441851 -1.9777136212965489 0.80000000000000004  
-11.481933346707581 -4.2751613442351264 0.16357928526311838  -10.098999900264214 -4.3583143879360486 0.16357928526297982  -10.087821599921011 -3.2655815187871164 0.1635792852632747  -9.5410460986050651 -5.8012034193612259 0.16357928526311838  
-22.515302081760417 6.989159883172622 23.208561727405112  -17.033021208927693 -0.6169254945990722 23.208561727405403  -9.2985370776917158 -7.7556169278079006 23.208561727404717  -2.5045330812974633 -2.4024124021055826 23.208561727405112  
-12.853145862468516 1.8148098285118659 12.252609265193357  -12.432940133677789 0.14295110089983964 12.252609265193101  -13.892464632234585 -2.3168281310503289 12.252609265193747  -10.161343644362647 -15.999825082714651 12.252609265193357  
-16.671401674763324 -1.5277840592295411 27.606051611372671  -14.258105472280754 -9.1621353226165247 27.606051611372745  -8.0101280538317781 -15.946179703260055 27.606051611372525  -1.8542181047209036 -14.611500440617775 27.606051611372671  
-15.600905657733451 -4.7922083046244186 32  -12.571730720840925 -10.515838181944787 32  -8.3457028665864836 -17.243216082292737 31.999999999999993  -2.2080698553785347 -19.80702976335737 32  

0 6
1 6

0 4
1 4

9 0 0 0 0 5 4 8 5 4 2 -4.2215563800441851 -1.9777136212965489 0.80000000000000004  -4.08496503926487 -2.3190840044238969 0.79999999999999749  -2.0529656492607766 -2.1525325529166683 0.80000000000000537  -3.052824959718567 -2.0156150479668904 0.79999999999999682  -1.2450844864348198 -2.4735348885788677 0.80000000000000004  
-5.792422708356975 -1.8151359232119768 2.3414162766959334  -4.6717378747270182 -5.6508071911957805 2.3414162766959832  -5.6473824880730357 -0.67180303285148035 2.3414162766961191  2.366483815291998 -10.885107822775295 2.3414162766958757  -2.1437539443344038 -3.0801337740440875 2.3414162766959334  
-7.7196956818524987 -7.984850608471687 7.6314833155113622  -9.2621672769025043 -3.1961100450692825 7.6314833155112574  12.616776538188279 -16.798069542903228 7.6314833155110282  -12.693340954989914 9.238532826605784 7.6314833155114563  10.415917497333567 -9.5577718775661591 7.6314833155113622  
-4.2859874075800501 -1.9663446939396785 13.51048356196759  1.8759719039021814 -11.57983710574393 13.510483561967654  -10.103274868279861 11.051343866239577 13.510483561968321  32.06014030568987 -38.588411646882136 13.510483561967295  4.3571623014799687 1.0348317406742056 13.51048356196759  
-8.1064663661541907 -13.588668713360377 16.770420152495433  -9.15846630141227 -18.939490418598325 16.770420152495397  29.548721325234908 -27.448529011937758 16.770420152494651  -10.869547104509586 14.468944391187293 16.770420152495774  7.73466029793655 0.5307153222239851 16.770420152495433  
-2.9765102340159748 -16.38009786394753 26.867735881126528  -1.234076223157714 -11.351737125785178 26.867735881126357  12.304511843416165 -18.315436840503097 26.867735881127302  15.406793226325062 -18.122783537162043 26.867735881126109  9.6096842897337744 -4.8890717316249148 26.867735881126528  
-2.4776986461445394 -17.658927355627128 29.344652448658344  0.30600703086000536 -25.746437675472428 29.344652448658412  21.998400240673764 -16.222443377232349 29.344652448658014  8.2053398903150363 -7.2468660538597245 29.344652448658543  10.858259296198097 -1.909939922468096 29.344652448658344  
-2.2080698553785347 -19.80702976335737 32  0.39879278871091195 -22.667120383390035 31.999999999999989  19.133339427640628 -18.491404828518551 32.000000000000043  11.596306000356382 -13.560663857855353 31.999999999999954  11.962756952478928 -5.5701993101269647 32  

0 6
0.34662952229890337 1
0.69227204847941892 1
1 6

0 5
1 5

9 0 0 0 0 5 3 9 4 5 2 -1.2450844864348198 -2.4735348885788677 0.80000000000000004  -0.94427597219295067 -1.7522618178005929 0.80000000000000027  -1.1595615153704968 -0.30693384772740306 0.79999999999999982  -2.3322135266115156 0.50293700503049743 0.80000000000000004  
3.8709035346980576 -7.1061800976887364 2.9188793312114241  23.543013088079078 -19.260833569555963 2.9188793312117358  11.391880054935978 -3.8397174411294817 2.9188793312148116  -6.2915964074166908 -3.6829486370035553 2.9188793312114241  
-3.1492502925568395 -1.0751049925959286 3.4793780861291026  -8.5616969664522955 5.2407076879963626 3.4793780861287686  -11.81898643772093 6.1269159950261729 3.4793780861259123  5.1151029875743967 7.7821991420219572 3.4793780861291026  
14.753984200973003 -12.710502963071759 9.1767170176239254  23.468181734773019 -14.397216981562533 9.1767170176242878  22.29393991486009 -0.056692369035044266 9.1767170176267037  1.1874028769853524 4.2781573200187388 9.1767170176239254  
-0.82812359415653347 8.4535452530107698 14.263892446866414  -8.3470103256312882 18.327468919614773 14.263892446865995  -8.8309328197474564 13.019007309058715 14.263892446863693  9.5755943575580176 17.540029562392363 14.263892446866414  
13.467027373416961 -7.3558851797316223 23.384507646243129  15.023024111382808 -3.8322515264647548 23.384507646243456  18.900320199404394 3.4430215480084598 23.384507646245034  4.8742060186692555 8.9905754723719582 23.384507646243129  
6.0551903175771393 0.11808817390767246 27.071490505323411  7.3894913641396727 3.8312108316370672 27.071490505323126  -1.2760329284429908 8.052365586516288 27.071490505321741  12.186176508651998 10.972127862268398 27.071490505323411  
14.934865267143307 -5.6867029999745613 31.405411232152769  9.3625643969639114 2.5812651139192124 31.40541123215305  21.939550850100293 2.5726425136978608 31.405411232154176  7.1261021810774396 9.5763034613425884 31.405411232152769  
11.962756952478928 -5.5701993101269647 32  11.853739448053295 -0.40413261728482963 32.000000000000007  9.9633429826184905 4.2179332832514982 31.999999999999986  10.427235355925074 8.6006274977304962 32  

0 6
0.32508758054271791 1
0.56117465350273033 1
0.77316685921436235 1
1 6

0 4
1 4

9 0 0 0 0 5 3 8 4 4 2 10.427235355925074 8.6006274977304997 32  10.511479561577232 12.514363987927574 32.000000000000021  9.3719683787934116 16.312947946512605 31.999999999999982  9.7596032864432374 20.568300639552263 32  
12.641890360553022 8.0401111288925708 34.39246853309961  6.3030750180180952 11.034378733162285 34.392468533100676  14.33346103577108 16.67180173614237 34.392468533100342  11.550258288640379 20.780664608960372 34.39246853309961  
9.848643038628893 3.6151261852911203 37.794436440562457  18.479821371407006 8.7159553627243618 37.794436440560339  5.2198884353728516 10.591689020023857 37.794436440560958  9.8553271846900969 15.096479428536529 37.794436440562457  
17.227014362668541 3.2191713700723934 45.488216926456175  3.818432085896788 5.9816957289154375 45.488216926459899  21.197064831977777 12.77605692381421 45.488216926458733  15.187309477601644 17.425684262387662 45.488216926456175  
11.448597043227096 -4.0709984582403393 50.6321742630968  21.569986109664967 0.3485516626592719 50.632174263092978  8.7543038629154282 4.3917419461488434 50.632174263094001  13.721371489394937 9.1520462517430197 50.6321742630968  
18.979522924488457 -5.3822684191691152 57.803541038627728  13.916405619062168 -0.082511041543405383 57.803541038630115  17.200812639788339 3.7596154143210092 57.80354103862949  14.520586311800532 7.7545621197494992 57.803541038627728  
16.45280586175144 -7.8909881430516702 62.252908073860297  16.332301545000892 -3.7440025802741208 62.252908073859146  14.046931651122089 0.44196087693011654 62.252908073859146  15.266354743190147 5.1704701348274691 62.252908073860297  
18.337567252080682 -9.5070344895815708 64  16.631678882970654 -4.9107108420395154 64.000000000000043  15.742456315842398 -0.48394898651619755 63.999999999999964  14.981468071275842 2.9814262917931007 64  

0 6
0.33659824693948248 1
0.66857178997774902 1
1 6

0 4
1 4

9 0 0 0 0 5 5 9 6 5 2 9.7596032864432374 20.568300639552263 32  9.7462535150547716 27.984794971273782 32.000000000000028  9.3842512151234523 24.827391871600383 31.999999999999915  12.911110495729943 49.359439880577696 32.000000000000092  1.3095409549529866 35.991744555949033 31.999999999999975  -2.2080698553785276 36.99455510383288 32  
12.089735908474552 20.126928926283018 33.769102415990801  3.594130599630379 17.995970850349508 33.769102415989892  14.590351441466318 26.514691488939281 33.769102415991128  13.277002519022636 47.195394511499487 33.769102415990552  2.5678606697999604 38.229536152151809 33.769102415988215  -1.4328268039654823 35.205447343470453 33.769102415990801  
9.4025315298830776 18.251375472386258 36.578451458960771  20.450446308142556 37.301080840790817 36.578451458961027  6.3187582874048083 26.094066170088436 36.578451458962604  13.588536901026206 42.823999688524722 36.578451458958796  2.1729438988494367 34.476792208477143 36.578451458965148  -1.3740190331217468 36.390914597004304 36.578451458960771  
13.700612625884922 14.262851612859404 42.171457572233166  -0.38938839684355742 6.4144726333796527 42.17145757223355  18.181182354058528 18.287157329305479 42.171457572229386  16.574334899245962 50.523928134348346 42.17145757223723  3.1293108815491157 31.269683812423928 42.171457572227098  -0.44523032620992486 30.404364671654854 42.171457572233166  
13.353080565598152 15.776294151085473 48.294396458443629  29.457477009473305 42.751521665654273 48.294396458441582  6.5982400323885244 20.465821581448878 48.294396458452169  12.237102322009306 32.14986695379433 48.294396458434562  5.3769320945424344 27.627956734498603 48.29439645845315  1.1358004611901702 29.578694392837228 48.294396458443629  
15.144214029260993 5.2319837880054205 55.132314446384925  3.1318375248217514 -0.18964877519916712 55.132314446388165  10.244648179559739 -1.296790335240523 55.132314446373812  24.614361384499134 44.50880776103169 55.132314446396677  2.3817319693105361 25.436543825853022 55.132314446374849  0.62105887169135165 20.217984111691909 55.132314446384925  
13.880641701525136 9.4400225880998558 59.572502807555423  18.105857484827791 22.401629886697847 59.572502807551103  24.709433620783937 30.953697763057445 59.572502807568839  2.2389725148479513 20.446926784434666 59.572502807541525  9.0341334844919388 20.35278580057085 59.572502807565655  2.0724487331370094 21.312245001249135 59.572502807555423  
15.846522849641987 3.3520742460401802 61.621490797545157  13.727803049225052 10.154133505609021 61.621490797549569  -0.76109956594010453 -17.517732110846246 61.621490797531912  31.690891624587689 50.094440098826112 61.621490797558891  0.81346710343649808 15.856378770420809 61.621490797536325  1.8508199680923199 16.902044843563004 61.621490797545157  
14.981468071275842 2.9814262917931007 64  14.565570759514681 10.923235700109025 64.000000000000057  10.748690728293262 0.17952533933348747 63.999999999999829  19.78441305751014 34.598605542296603 64.000000000000185  5.0443507255518503 16.896585476891008 63.99999999999995  2.4930072899011693 16.526591745119262 64  

0 6
0.23235951825705464 1
0.4707591484010456 1
0.72252975489071036 1
1 6

0 6
1 6

9 0 0 0 0 5 3 6 4 2 2 -2.2080698553785276 36.99455510383288 32  -8.4219612844491696 34.86484591534186 31.999999999999982  -14.703316776599248 29.973573087550648 32.000000000000007  -17.862842805204043 24.255400447556013 32  
0.14885175512890281 32.626162574528294 41.543463857706342  -5.198155029467193 26.208691926481499 41.543463857706087  -14.630446706624642 28.470190538372229 41.543463857706286  -16.223214713207057 18.78831261067026 41.543463857706342  
-1.9399080958937085 34.547682287402424 38.27246675362322  -11.097073669718608 37.048483555978351 38.272466753623732  -7.9264801816496799 17.789226462718915 38.272466753623576  -18.025754750570677 22.753979460687077 38.27246675362322  
2.6008151117176999 24.388340801733932 52.850278850077515  -0.68001650404932157 15.772278702793848 52.85027885007699  -16.658746849596181 28.324269816258024 52.850278850077189  -14.693627565160966 11.870285129864527 52.850278850077515  
-0.36992898267846797 26.137031431746959 49.296833719051428  -7.4023158095152315 24.629104394085115 49.296833719051619  -8.6515177205658311 14.947095852114622 49.29683371905152  -15.154028403323663 14.537882077286532 49.296833719051428  
2.4930072899011693 16.526591745119262 64  -2.8254839433654952 13.603520222453039 63.999999999999964  -9.5844772575812112 12.899458128110005 64.000000000000014  -14.779763489191392 7.7657362895109934 64  

0 6
1 6

0 4
1 4

9 0 0 0 0 5 3 8 4 4 2 -17.862842805204043 24.255400447556013 32  -20.398435727499319 19.085192316658656 32.000000000000007  -19.761273758171271 14.051922635548566 31.999999999999986  -19.165366697224169 8.6006274977305015 32  
-17.372538509046109 26.312702907512623 28.764853540261569  -22.645319936983718 23.115072960393 28.764853540262287  -18.778904575427834 15.66417247511197 28.764853540261974  -18.70729233517109 10.902180274997562 28.764853540261569  
-16.504246233641332 12.947772318051015 52.035013954053241  -16.060443185041336 5.1997092092155484 52.035013954051863  -19.48727992721636 2.9711092763692548 52.035013954052324  -18.32345001869928 -3.8483117728903942 52.035013954053241  
-18.682785968103744 34.386601673918634 16.814093378944833  -24.309482641361218 30.277692932145008 16.814093378947433  -15.816722970619562 21.833766157391484 16.814093378946296  -15.925686988526952 18.454926311911876 16.814093378944833  
-12.112134633831353 -3.8752394751567252 81.589348038080232  -15.463848892629123 -7.9099199364981914 81.589348038077176  -15.80629164110178 -14.301260969140746 81.589348038078711  -17.390377141804443 -20.39196838685757 81.589348038080232  
-17.175854285848445 20.95851114930802 37.127555985331526  -22.778283749466237 16.790058524559306 37.12755598533397  -16.651773058721119 9.8712902327242951 37.127555985332506  -17.273488538456384 5.0541670121914155 37.127555985331526  
-13.062019906760181 2.7327470138394347 75.003097044914739  -16.511158506542046 -1.7730611433188455 75.003097044913005  -17.509634252795081 -7.6237252430055609 75.003097044914043  -17.047737627781398 -14.215093722946907 75.003097044914739  
-14.779763489191392 7.7657362895109934 64  -18.678475440405627 3.1044996245701451 64.000000000000014  -17.254323796249949 -3.7503397894095634 63.999999999999972  -16.473579684219427 -9.507034489581569 64  

0 6
0.33823436922880229 1
0.67347759418202369 1
1 6

0 4
1 4

9 0 0 0 0 5 3 6 4 2 2 -19.165366697224169 8.6006274977305015 32  -19.076438381815741 3.8890981908650883 32  -16.958508103703295 -0.15655106425807816 32.000000000000007  -15.600905657733451 -4.7922083046244186 32  
-18.754826551091867 4.4274079683205336 37.823189460155334  -18.48837542714924 -0.57930529962189603 37.823189460154971  -15.855074968269985 -4.7768523432937231 37.823189460155454  -13.767638367860121 -8.5734644580896564 37.823189460155334  
-15.271601722527098 2.8912164436289478 45.698309656150656  -7.3567379186928719 0.77016044684760665 45.698309656151636  -22.659943657181948 -8.03922678596415 45.698309656150158  -16.578135202101144 -13.878716237339972 45.698309656150656  
-16.803243965950443 -4.5417150060206311 49.744936224664244  -24.897582119687531 -11.000512328332853 49.744936224663206  -11.229937610617093 -14.21522261571025 49.744936224664897  -10.53557985224537 -16.070971573798509 49.744936224664244  
-18.239620365041336 -4.5161413937778052 58.276222646892386  -15.006187002522612 -9.5835522605689132 58.276222646892805  -15.472429453345558 -13.59291247198267 58.276222646892109  -13.909033738155633 -19.562731497179165 58.276222646892386  
-16.473579684219427 -9.507034489581569 64  -15.284182487138525 -14.675327788852369 64  -13.474311462629119 -19.036093348047419 64.000000000000014  -11.099990801008477 -23.100032580491213 64  

0 6
1 6

0 4
1 4

9 0 0 0 0 5 3 8 4 4 2 -15.600905657733451 -4.7922083046244186 32  -12.640879974201766 -10.272050619205135 32.000000000000028  -8.8499976439506369 -16.823665311571055 31.999999999999982  -2.2080698553785347 -19.80702976335737 32  
-15.434938705954286 -5.9556595460068102 34.122745887998917  -11.324533247573353 -10.846634748358904 34.122745887997866  -8.4390264990004802 -17.376661706833335 34.122745887998278  -1.1983297111515188 -22.498012427762589 34.122745887998917  
-14.188245119644399 -8.9324290285344325 37.738552284278292  -13.246698892459479 -15.164266856568837 37.73855228428058  -8.3905269670578484 -25.986809514782269 37.7385522842795  -1.6695024896648403 -22.709491102949791 37.738552284278292  
-15.293437850793186 -12.759253553921891 45.023218805815659  -11.450112934391571 -21.790145103172158 45.023218805811595  -4.8216303957320541 -18.358779788062506 45.023218805813286  0.92574086133248834 -25.622275614112766 45.023218805815659  
-12.315417518820777 -16.932594391210813 50.847846029898363  -7.0576409021846764 -17.062024451006813 50.847846029902684  -7.2081525730498033 -32.131968121066834 50.847846029901078  0.54444398799771676 -32.015143964846033 50.847846029898363  
-12.532334727559913 -19.110926970676836 57.360185274830755  -12.467927216330422 -30.007973702053022 57.360185274828098  -4.4848796913167845 -30.96009390168291 57.360185274828964  1.326253225726159 -33.059263524027571 57.360185274830755  
-12.128738452118373 -22.197251264176618 62.297048035160188  -6.8980127044872859 -25.405422032033115 62.297048035161723  -4.5461066453951871 -32.670152638326897 62.297048035161041  2.2032904909949145 -35.013577455233779 62.297048035160188  
-11.099990801008477 -23.100032580491213 64  -7.9198207468595925 -28.639209505451774 64.000000000000057  -3.9617325396776013 -34.507333080012842 63.999999999999964  2.4930072899011626 -36.951580374366685 64  

0 6
0.3451096219707856 1
0.67633262139713568 1
1 6

0 4
1 4

9 0 0 0 0 5 5 9 6 5 2 -2.2080698553785347 -19.80702976335737 32  3.6880566895699367 -23.695128134699004 32.000000000000277  3.843902299341444 -14.413011901885135 31.99999999999924  19.613641140329008 -27.107508483403507 32.000000000000831  10.689036185632794 -5.9251497360181995 31.999999999999631  11.962756952478928 -5.5701993101269647 32  
-2.0507144013624656 -26.871324884674738 29.875353576626352  -0.31086011942087133 -11.425564178958005 29.875353576639441  19.603952171706645 -55.382629603656163 29.875353576610728  1.2074085929347191 11.193358792004503 29.875353576651207  24.284854740926114 -29.397640265798035 29.875353576620775  9.4160113849567644 -4.0240596517237375 29.875353576626352  
-0.93807205068546207 -17.42627244185325 38.608197634298875  8.2549552406516611 -36.25892250776667 38.608197634285517  -5.6618461329793277 9.7053930643054116 38.60819763431499  35.675377472416329 -54.534528050510737 38.608197634273239  -0.82153871864382211 11.336667527403662 38.608197634304759  15.38027546945407 -8.839864613020346 38.608197634298875  
-1.1383467889804815 -29.604027549348899 38.981213710675746  -0.94101353439782898 -13.806252552341412 38.981213710690881  22.194969832222149 -59.075027968859011 38.981213710657045  -5.2240951706891323 7.3088011609973123 38.981213710705035  35.395171951226537 -47.124000298086649 38.981213710669067  13.310968606671892 -13.553509813474008 38.981213710675746  
1.5436310670155362 -21.701058177461277 49.336271181380013  9.4955561372866057 -42.325808166443757 49.336271181362477  2.1830477167922879 3.7077224145329382 49.336271181401088  29.865211021130214 -46.337782268879863 49.336271181346632  0.18551222647123211 8.5367015803130073 49.336271181387403  17.221153103072059 -12.065743653291193 49.336271181380013  
0.50095522154936756 -39.956596121156906 55.465165903890863  2.176726213257119 -24.347135789215372 55.465165903906126  18.793112639611039 -68.033289825813384 55.465165903871863  5.8857385162011582 -11.354005556959635 55.465165903919882  29.777157251161817 -49.763303429581057 55.465165903884127  15.841526415192543 -24.798798693938252 55.465165903890863  
1.9142013425196849 -27.189073180616617 57.461919590843934  11.040887055644586 -46.225631834979922 57.461919590828941  -2.7366131593496981 8.2904513784814498 57.461919590865563  34.235384659706163 -64.721675119131831 57.461919590813977  5.8552984595172646 -0.86153284132775809 57.461919590852332  19.387924158206694 -19.291845412797237 57.461919590843934  
1.9303371263981517 -39.052636638839239 62.671752909365779  3.4810908567118442 -30.451028743834915 62.671752909375328  21.462066545106111 -63.484945261886786 62.671752909351731  4.2131436859792819 -10.05280160761918 62.671752909384878  29.117857138806823 -48.349061276380738 62.671752909360436  19.458515370875983 -27.918679018299514 62.671752909365779  
2.4930072899011626 -36.951580374366685 64  7.0211256786957268 -39.032958104459524 64.000000000000554  12.394689948050221 -37.255081949571647 63.999999999998479  16.728204158484118 -34.187326008654637 64.000000000001663  19.682097710339818 -31.215794453288666 63.999999999999261  20.549020733998244 -27.563047933678654 64  

0 6
0.26801719523997453 1
0.49959967661319338 1
0.75795368158519283 1
1 6

0 6
1 6

9 0 0 0 0 5 3 8 4 4 2 11.962756952478928 -5.5701993101269647 32  11.907237390232375 -0.70321243251001286 32.000000000000014  9.9536430410407508 4.2515426652808062 32  10.427235355925074 8.6006274977304962 32  
12.440069010147841 -6.249773409850965 36.996266225386265  17.593037305352521 -4.3962812123989616 36.996266225386179  7.9653934342447634 3.277025659949758 36.996266225385753  13.438498725923074 6.9215856018350985 36.996266225386265  
13.556928249552211 -9.7819636269367614 31.938778815376928  5.9759567514396714 -1.0601415309233406 31.93877881537697  17.520592546204444 0.40744153342184752 31.938778815377937  8.3130241490194869 6.3931472095651349 31.938778815376928  
16.792800196867233 -14.750973133263464 53.440444552791462  22.857271001074551 -10.89285442147451 53.440444552791476  7.335386170850029 -4.5634694358748487 53.440444552789955  19.346270179256127 -0.38339468583937819 53.440444552791462  
15.19191259411798 -19.040619829707317 47.903751444913496  13.126727049177852 -16.532348807164414 47.903751444913297  22.852790744563741 -8.3550742353904148 47.903751444914761  10.443542815370463 -3.5305644925289545 47.903751444913496  
18.171020628887618 -21.63396378064251 58.480620200141928  18.107318868495806 -13.564713248780954 58.480620200142098  12.258874605734867 -11.47485321269777 58.480620200141431  19.36211718750468 -5.1874328110249301 58.480620200141928  
19.942518834360328 -25.732890113852697 61.51526657712666  18.821127286239541 -20.99341438443119 61.515266577126496  22.911312510480695 -13.473524386439307 61.515266577126816  16.250413733282244 -7.769275859204261 61.51526657712666  
20.549020733998244 -27.563047933678654 64  20.406782064954921 -21.990317354528084 64.000000000000028  20.547997282615423 -15.488070838552277 64  18.337567252080685 -9.5070344895815744 64  

0 6
0.33224707031092188 1
0.66027120468975631 1
1 6

0 4
1 4

9 0 0 0 0 5 3 8 4 4 2 18.337567252080682 -9.5070344895815708 64  16.821806438517804 -5.3076587832461417 63.999999999999986  15.821193908331331 -1.1507907038950538 64.000000000000028  14.981468071275842 2.9814262917931007 64  
18.727624860174984 -9.919636397681602 65.127998419705847  17.195330548338692 -5.2723994565390235 65.127998419705222  13.747022962874222 -3.8839726829061592 65.12799841970525  15.137524441857312 1.626856467503103 65.127998419705847  
18.594513231915723 -10.711524550411317 67.47189364943344  18.002966221667116 -6.5215802771601892 67.471893649434719  19.710492605659809 1.2787723470577674 67.47189364943452  15.052607732252486 3.1312661681333758 67.47189364943344  
15.536862154449121 -11.906333775407377 71.937271265301092  16.557816264138246 -8.0765509804178226 71.937271265298122  11.008796269986622 -8.7756842306673182 71.93727126529906  15.832744907876958 -1.2491988714916049 71.937271265301092  
15.371840477418459 -10.577396650539566 75.461590133498078  11.37708586333649 -7.0408960700953216 75.461590133502455  18.654526886609439 1.8597907228593555 75.461590133500408  13.121999003739884 4.8752436760616789 75.461590133498078  
12.804000328425239 -7.4471430850118718 79.261507408296211  16.684717413491864 -2.6361921533142816 79.261507408292303  6.3070811608894246 -1.6903552532162227 79.261507408294463  8.5208549377324108 1.5390538746817484 79.261507408296211  
9.1558611047282223 -8.6276080131465225 79.117991350405561  3.0950961508884172 -6.152028769946341 79.117991350408005  9.327513418773032 -1.3564637460353581 79.117991350406783  6.3206795811241738 1.7181859231458574 79.117991350405561  
7.8973571333248049 -6.8978839641227081 81  5.7827542585781622 -3.6865889998925438 80.999999999999957  5.840452518552226 -0.54623685895643492 81.000000000000043  4.9825390507618188 2.6891365449141889 81  

0 6
0.26964304539921014 1
0.56372666380588465 1
1 6

0 4
1 4

9 0 0 0 0 5 4 9 7 5 3 14.981468071275842 2.9814262917931007 64  14.98248297314697 6.2184716307038901 64.000000000000227  12.740546333297036 8.602353021468133 63.999999999999673  16.086075679422216 16.098725431434541 64.000000000000412  7.4938115194312553 23.87543528954193 63.999999999999766  6.0243973659929324 16.379434004275886 64.000000000000171  2.4930072899011693 16.526591745119262 64  
16.096907550445952 3.5639112941701998 65.403367907102805  14.386826866379533 4.3085993180442284 65.40336790710397  14.224821992001059 11.134614872913017 65.403367907102989  12.826421855100723 6.7404300405558004 65.403367907102492  10.29583919886505 28.735084445979759 65.40336790710279  5.1947937680294025 12.446339114839155 65.403367907103529  3.163702239466986 15.690110346280054 65.403367907102805  
13.504585415509577 -0.11392380635906196 66.357590744462087  15.607177902612058 6.0893644508982829 66.357590744460893  10.4829231434455 1.9837727139587713 66.357590744461163  20.551651034101184 25.241157008823887 66.357590744463309  4.5452772159948776 15.697204037277025 66.357590744461547  7.4404768116045137 17.195880981720244 66.357590744461461  2.3218850388234968 15.621572389812638 66.357590744462087  
18.006452173157633 5.0614082709786743 70.534203947084748  13.879132364081926 2.92769094572167 70.534203947086368  17.110356016588863 16.613780559867955 70.534203947086041  9.5132624256157285 0.48299603799928548 70.534203947082901  10.546647263149181 28.872636540099684 70.534203947085444  2.8826877951365653 3.0568576598547068 70.534203947085444  2.6040168433225714 9.9756495008530308 70.534203947084748  
10.029433418582258 -3.9446907969387315 74.260020316165139  16.922625642770896 11.006195038708627 74.260020316163576  0.66438145959303796 -19.769902163734621 74.260020316163008  32.630725100631636 58.011590528191938 74.260020316168209  -7.3358980613548788 -20.331147335694958 74.260020316163803  15.098185878311948 43.868917787126293 74.260020316165026  1.7329147754457643 17.5041902352059 74.260020316165139  
17.444681231424529 7.2916916725129628 72.87699761869662  11.258376018220416 -0.35655069672601947 72.876997618697175  26.266561710670569 39.195948215058635 72.876997618699548  -3.4193711104259776 -21.03704489712549 72.876997618692727  13.417987057946505 39.13221611544936 72.876997618699022  -2.5773601590566955 -6.288916507119275 72.876997618695427  0.48022182529580659 11.880343108874001 72.87699761869662  
5.7832619955660558 -0.90543339543700485 80.77531186821993  9.5647505625746003 9.5390603280649486 80.77531186822047  -5.2507234949234167 -17.550484643772997 80.775311868216235  16.996585707528183 33.739221597171209 80.775311868224378  -7.2492769105859605 -14.20058839865694 80.775311868216789  8.4613689758204487 39.236053919350873 80.775311868221962  -1.859303249510214 17.539789473877899 80.77531186821993  
7.5120204577866492 3.5630420964069298 78.512866871185139  3.2001767414144693 -1.7286755178182851 78.512866871185139  14.21146781663013 25.403318229818229 78.512866871187214  -3.8997661952758476 -9.3241504409099605 78.512866871183064  4.3164532411377836 24.58762972149416 78.512866871186702  -4.2819497176890664 0.4381823433025176 78.512866871184102  -3.716713267383525 13.082767389544603 78.512866871185139  
4.9825390507618188 2.6891365449141889 81  4.3096252981443364 4.4103644379739766 81.000000000000071  3.7327376705426611 7.4321272444767654 81.000000000000028  2.2634709164948306 8.3796406927452818 80.999999999999886  -2.5847047940348329 6.5147651591094693 81.000000000000128  -0.25845563028386248 20.450548844739735 80.999999999999943  -4.6044814582750782 14.914594971754724 81  

0 6
0.19242616227379947 1
0.43173719264655885 1
0.73633997225996395 1
1 6

0 5
0.49769056577661142 2
1 5

9 0 0 0 0 5 5 9 6 5 2 2.4930072899011693 16.526591745119262 64  -2.4567505327813177 15.268894413683253 64.000000000000227  -2.8833438151066861 11.669330375612422 63.999999999999588  -10.25179948636919 14.049030573913402 64.000000000000313  -11.446247170793947 9.9585510564794575 63.999999999999886  -14.779763489191392 7.7657362895109934 64  
2.2440146594237822 16.02342316630677 66.250579899371118  -3.3300301056169479 17.072689533630005 66.250579899378181  -0.17994016449662986 3.6242285138151082 66.250579899368617  -11.662309292691106 19.022208203813101 66.250579899381989  -10.054371156622274 8.2495549635533418 66.250579899372497  -15.565618209690477 9.2090576741933017 66.250579899371118  
4.0271354725806363 15.023635854090257 64.682498284238775  -0.54542222701267296 6.6233965061508826 64.682498284228231  -2.3547361972295455 22.274820152411461 64.682498284239216  -11.768586314357762 9.0704108455895742 64.68249828422401  -10.756749311608267 9.2300630547896176 64.682498284234555  -12.952274876346671 4.2427211166289958 64.682498284238775  
-0.49296120576816449 11.417778714216141 73.684942239437973  -5.8137050539494837 28.673494904480538 73.684942239451573  -5.0158595940358026 -3.2236676202858234 73.684942239443288  -11.414034229095579 21.264145702001198 73.684942239453193  -14.543085634237435 9.3739607626996708 73.684942239447423  -17.435443680882319 8.9923855908235417 73.684942239437973  
8.2080070724191643 14.569669640296727 65.356198879634263  6.9368915436392093 -15.10683318516481 65.356198879613203  -7.1912945121091116 60.529095684198211 65.356198879623719  -5.1571677223898647 -14.162777196092001 65.356198879611668  -12.4042772386147 18.251963232307382 65.356198879617665  -12.823994152899694 4.1653260991552035 65.356198879634263  
-8.3863420118667698 15.325692283584736 85.849601739595528  -14.931905083470742 35.27789715100657 85.849601739617668  -7.3886145781318042 -20.318755558164597 85.849601739610861  -19.673818149233867 34.272365681261739 85.849601739617313  -19.031129252724067 6.3518262086873563 85.84960173961602  -21.829641626933441 10.195981294032824 85.849601739595528  
7.0953656610114031 14.744080574260762 68.25583684221867  8.8135444608003581 -22.994485079051099 68.255836842196061  -15.818080379072335 85.397313754823045 68.255836842199898  1.0081055449700731 -33.173930695651293 68.255836842197041  -15.002105877714854 25.632112018070362 68.25583684219562  -13.570426364110226 5.6392600111407845 68.25583684221867  
-18.878111678792656 14.913768102803239 97.03749289621986  -26.070197021972103 55.482951271547371 97.037492896248892  -15.076493020644907 -52.309332869870893 97.037492896248892  -23.224847959220366 49.298672327926042 97.037492896244743  -28.332166487318883 3.4911004420824305 97.037492896253028  -26.069996030456139 9.7902110076496722 97.03749289621986  
-4.6044814582750782 14.914594971754724 81  -7.7646948954307344 11.219499040268072 81.000000000000341  -12.008968670713116 22.32662649757242 80.999999999999503  -15.35031833576339 9.5941279523979865 81.000000000000313  -17.830263535912813 12.251367676379568 80.999999999999915  -19.321342651049981 7.8189772286521952 81  

0 6
0.19996182822371616 1
0.45761360166567677 1
0.69814000830616052 1
1 6

0 6
1 6

9 0 0 0 0 5 3 8 4 4 2 -14.779763489191392 7.7657362895109934 64  -18.658252641559493 3.3554812750480467 63.999999999999979  -17.253189033301528 -3.9165055242521367 64.000000000000014  -16.473579684219427 -9.507034489581569 64  
-14.84287211817761 8.6480453939042636 65.169908715949646  -17.361679398128928 2.8733662126142412 65.169908715950996  -18.803974998539793 -3.2595562363381747 65.169908715952019  -16.233933810803705 -9.8655853514995275 65.169908715949646  
-14.034725243741651 4.2722622914769239 67.443472076058654  -21.385436255777986 3.0024643308417924 67.443472076055912  -13.526424660692037 -7.184962150920656 67.443472076053737  -17.109365459274112 -10.828334684650745 67.443472076058654  
-16.209508347623725 9.7534564316805117 70.750590802495097  -15.756146309874289 1.0537970939614798 70.750590802500042  -24.303971498818665 -2.6449775466494092 70.750590802503766  -14.789457812579105 -11.375770614150461 70.750590802495097  
-16.675395993599388 4.4875062207346126 74.715107162366934  -22.022058241485148 0.9166497886627285 74.715107162361932  -12.101784772566027 -8.3842934737231225 74.715107162357469  -18.88790239165052 -11.438472134528123 74.715107162366934  
-18.043435530081258 9.4954800985147223 77.487392034027152  -20.864696064594952 3.725459487647381 77.487392034030208  -21.8030915489549 -1.73988808087356 77.487392034033277  -18.345698842334468 -8.2802728263315597 77.487392034027152  
-18.608426163281219 6.6919274789499905 80.002952302441017  -21.650575566362953 2.8564528692514251 80.002952302439411  -20.13016435465731 -3.9153847716682 80.002952302437791  -18.512257800196895 -8.1206191536662562 80.002952302441017  
-19.321342651049981 7.8189772286521952 81  -21.967466993947738 3.3285486934825661 81.000000000000028  -20.377841900238522 -2.3827188937124748 80.999999999999957  -19.556517943830123 -6.8978839641227063 81  

0 6
0.32555623930682964 1
0.65439175612745304 1
1 6

0 4
1 4

9 0 0 0 0 3 3 4 4 2 2 -16.473579684219427 -9.507034489581569 64  -15.39663039039508 -14.284001304643439 63.999999999999979  -13.510028255549354 -19.031247156178377 64  -11.099990801008477 -23.100032580491213 64  
-16.00190529271616 -12.784185613251122 71.521753825562357  -14.783048084188458 -17.883265105530249 71.521753825562271  -11.213318218378314 -21.411350101555698 71.521753825562399  -9.9944434038145911 -26.043355857261886 71.521753825562357  
-17.919540374518657 -10.264166597250888 75.641648925641164  -16.772347845887097 -14.907742255392355 75.641648925641164  -16.068580116576392 -20.139137210216354 75.64164892564115  -13.62973767993077 -24.864971474442555 75.641648925641164  
-19.556517943830123 -6.8978839641227063 81  -18.564026745956966 -10.666614422298474 81.000000000000028  -17.128919548762195 -14.195502825324867 80.999999999999972  -15.808099497143758 -18.101502002991381 81  

0 4
1 4

0 4
1 4

9 0 0 0 0 5 4 8 5 4 2 -11.099990801008477 -23.100032580491213 64  -8.7345424468564339 -27.476954894102956 63.999999999999993  -6.2492279805911695 -30.56638446391392 63.999999999999986  -2.7963391222061045 -35.183590589865581 64.000000000000028  2.4930072899011626 -36.951580374366685 64  
-10.081821301690351 -21.168295390043369 59.559266752266169  -6.9184541847406553 -21.642871914202537 59.559266752267305  -5.8100074030449136 -36.459509667911618 59.559266752267419  -1.0232663321766804 -23.950907622363289 59.559266752263184  3.3974602527158311 -35.780851270635566 59.559266752266169  
-11.116872196403655 -26.801501380722293 70.291955627486942  -10.191736927655631 -36.97905744716094 70.291955627485592  -5.2515273148655535 -23.192554872995181 70.291955627485052  -4.4959382732436319 -51.631560085967251 70.291955627491646  2.4817467701889027 -42.762702609275394 70.291955627486942  
-12.428051468994653 -20.992523318613998 76.274828825646537  -8.4013339524511679 -15.933122507532929 76.274828825647575  -12.136993976613459 -51.168347339321343 76.27482882565171  -1.6909696942879724 -18.680591092425701 76.274828825635424  0.93435856138596396 -30.477030630091591 76.274828825646537  
-9.9701206084448302 -30.554975787467935 64.961721539873423  -10.74215494025572 -46.460389436501877 64.961721539873707  -2.7104797261026796 -20.348222573832885 64.961721539866431  -2.5359823384684823 -58.422781969825294 64.961721539888543  4.4060288030583283 -46.252177870112646 64.961721539873423  
-17.714422499724915 -15.61703911141295 87.755073968996982  -12.296589190086436 -8.2652830388199945 87.755073968996086  -18.417230292409968 -44.547417438652907 87.755073969002439  -7.2254751961719155 -12.682510175474562 87.755073968984732  -5.5506256942431449 -21.074531882639732 87.755073968996982  
-13.188021415755252 -23.045481157978578 74.230394882831973  -13.883493910229788 -33.471026934839905 74.230394882832755  -7.5857387420080702 -22.182619156055257 74.230394882828875  -6.5798996471600439 -42.079108434158954 74.230394882838965  -0.96088110672752325 -35.210144336242251 74.230394882831973  
-15.808099497143758 -18.101502002991381 81  -14.137147637453378 -21.456438553894841 80.999999999999787  -13.123192947352639 -27.534484431314702 81.000000000000355  -8.4790055503176021 -28.531020008726522 80.999999999999801  -4.6044814582750835 -27.856164125152095 81  

0 6
0.27314972426342327 1
0.59194929644672656 1
1 6

0 5
1 5

9 0 0 0 0 5 3 7 4 3 2 2.4930072899011626 -36.951580374366685 64  10.047471336453139 -39.602470849374996 63.999999999999993  18.615471779631228 -33.886787167081728 64  20.549020733998244 -27.563047933678654 64  
3.185344902665991 -39.899848797356142 67.669597628842766  10.8897209157108 -40.665469920360707 67.669597628842865  19.979377724062061 -37.020927789253832 67.669597628842553  21.68097553814075 -29.462078552754988 67.669597628842766  
0.70820614812477967 -36.620635274854557 68.279936606551843  8.3583800485193578 -42.331844731743423 68.279936606552141  18.074245753031324 -35.926136888288653 68.279936606552582  20.580280262767474 -29.602177385457303 68.279936606551843  
6.0939343180801133 -43.764857979178785 72.210238549591011  10.929987064105241 -30.650447671275415 72.210238549590102  21.463573168168288 -43.368604523153799 72.210238549589647  26.513626314448793 -35.225959600485474 72.210238549591011  
-4.9023179109850945 -25.003899839059116 80.265473386212875  1.7976683282141899 -30.742045535190798 80.265473386213841  4.4279044464457975 -21.810003184504396 80.265473386214268  13.560472136190604 -24.372469667296315 80.265473386212875  
-1.4506842365285393 -32.470510671761744 78.29939805342255  4.4823951644309687 -29.658985571827493 78.299398053422195  10.12662015066112 -29.714817098175498 78.299398053421839  16.655093086888307 -27.275075373892822 78.29939805342255  
-4.6044814582750835 -27.856164125152095 81  1.1356392285641155 -26.681465861021824 81.000000000000043  5.5801478370954039 -25.01666036819573 80.999999999999972  12.302605994265852 -23.804971416663648 81  

0 6
0.40809486167865228 1
1 6

0 4
1 4

9 0 0 0 0 5 4 8 5 4 2 20.549020733998244 -27.563047933678654 64  21.01679791095204 -19.319960044423624 64.000000000000085  19.072245750894837 -19.309719221151688 63.999999999999858  20.94052800620317 -15.523389880226709 64.000000000000057  18.337567252080685 -9.5070344895815744 64  
17.920226328627194 -21.987326237092184 58.226831684651557  31.067004100238478 -21.676198026111798 58.226831684649611  -8.0711774867179003 -5.7420336102986411 58.226831684653206  33.603802491412225 -18.268484049510505 58.226831684651145  20.791334897721494 -7.9017589456034187 58.226831684651557  
24.418942683254496 -34.885925339781274 71.010337924054426  6.1848691470996613 -14.937099006879016 71.010337924056927  56.002969564756619 -38.32904411989351 71.010337924052166  5.2876295783615745 -12.814948177799497 71.010337924054951  17.564580433959577 -12.312290878600187 71.010337924054426  
18.612000402552994 -25.687760334946532 73.839297683515184  54.162522243597166 -40.75612919777015 73.839297683509855  -25.152798008530596 3.3326083816235723 73.839297683520115  38.540089599698568 -22.408407963460707 73.839297683514246  14.470407565434826 -10.078713142363899 73.839297683515184  
22.60971690206366 -35.00012236851007 72.550868245380258  -6.0946004471546331 -9.8572313040007487 72.550868245387363  79.659856594882839 -48.035840918986324 72.550868245373294  -12.613352409401152 -7.25498965595839 72.550868245381224  15.703958063947567 -11.423440966330766 72.550868245380258  
16.50473331239483 -24.205644145512718 79.606780694076079  45.722197249604335 -34.274473070555914 79.606780694070196  -22.158777324176892 1.3002290374389176 79.606780694081962  34.862634848352911 -20.068107422178251 79.606780694075567  14.924315890791799 -8.0813874772666345 79.606780694076079  
11.034209591312811 -25.282979863023524 81.35796430993723  8.2377192998630289 -19.284419840329509 81.357964309941963  43.562048525556925 -28.182543030969011 81.357964309932484  -9.6213443670158405 -5.5751651271440723 81.35796430993723  3.6037987443233845 -6.896626705830192 81.35796430993723  
12.302605994265852 -23.804971416663648 81  23.27152865596824 -24.646292378181037 80.999999999999801  6.808884533542388 -10.698103764593082 81.000000000000256  10.667580455493516 -12.771457504217258 80.999999999999858  7.8973571333248067 -6.8978839641227108 81  

0 6
0.26387792295030366 1
0.56257873859316054 1
1 6

0 5
1 5

9 0 0 0 0 5 3 7 4 3 2 7.8973571333248049 -6.8978839641227081 81  5.9428060912587473 -3.934953359521435 80.999999999999943  5.8956064658839962 -1.1499911933362508 81.000000000000043  4.9825390507618188 2.6891365449141889 81  
1.3359595584555672 -3.2535970866412804 84.403304830762394  2.3738839197629273 -0.031676596965797194 84.403304830762835  0.72953063998559919 3.1931858438499221 84.40330483076275  -0.95187631581640542 6.1135477480084441 84.403304830762394  
-1.953850060443358 0.51508887836411432 87.633546597218938  -8.4712811043581091 0.33659887066770988 87.633546597217162  2.0539122559898981 7.7951438828918054 87.633546597217176  -4.3908410459779681 6.9391702533182178 87.633546597218938  
15.354632873425636 -12.701817858960538 76.797167022785317  22.57673630878746 -4.7062956356417924 76.797167022787761  6.1541479695570445 -5.031649024947118 76.797167022788017  8.0506779172572003 0.45853084891348317 76.797167022785317  
-26.322629202799902 15.417972405259334 103.35111781589316  -32.002739331331384 13.331633853890827 103.35111781589151  -23.86327735842395 14.665995457603772 103.35111781589094  -25.330481835506838 14.127358902638706 103.35111781589316  
-7.7283332887426015 2.1291762562756769 92.481107585997421  -7.956762516960139 4.1630560246793449 92.481107585997904  -10.43977994398294 5.13093607106806 92.481107585998018  -10.822761668450269 6.4068407669681102 92.481107585997421  
-16.541708369207907 6.852741081394484 97.200000000000003  -16.674633921382075 7.2987255841349628 97.200000000000031  -16.563949171098788 7.9995534323490336 97.199999999999974  -16.955048000147972 8.4381732492293526 97.200000000000003  

0 6
0.51708638877967406 1
1 6

0 4
1 4

9 0 0 0 0 5 4 8 5 4 2 4.9825390507618188 2.6891365449141889 81  3.8301681122890625 14.139501194303536 81.000000000000028  -5.4520362437216008 -1.4999159471216572 81.000000000000014  2.293096958536283 17.900069885592501 80.999999999999986  -4.6044814582750782 14.914594971754724 81  
-3.363663202920403 5.3468437789150531 87.571542438533001  -7.1165066484950028 8.2213728565898485 87.571542438540945  -6.1601432499904369 15.564729797235373 87.571542438535815  -7.149401660289703 14.192765601831166 87.571542438539112  -10.888960345179829 14.34910866678733 87.571542438533001  
10.900732207373927 2.7656764016149626 75.187323801348953  8.1214400025852918 16.750336349050599 75.187323801337783  -5.9869815546043075 -15.447934358764513 75.187323801344348  7.8857338887188 23.97098184338499 75.187323801340369  -1.4640217782337892 14.634590795171793 75.187323801348953  
-15.568828582566081 9.244719431582908 95.849282531052012  -18.611844131834005 7.4239923649624195 95.849282531066422  -9.2018111117588823 39.149950853467544 95.849282531057298  -20.636655607780714 7.9332449798565428 95.84928253106284  -20.003300901354478 14.40275302299996 95.849282531052012  
-0.48298443125534618 3.794701146758257 83.737259484635388  -1.4403442246475961 11.264155407912735 83.737259484623479  -10.437139223986726 -0.20695475655050899 83.737259484631721  -1.7082363242014296 16.169415320918276 83.737259484626634  -8.1636142335838642 14.12126659501412 83.737259484635388  
-17.131707208772404 11.09741306895198 96.976726573384326  -18.646991365053747 12.421924619837979 96.976726573391005  -17.401745838266471 17.137073235265976 96.976726573385349  -18.240004723008063 13.588084210201705 96.976726573389215  -20.045820793708991 19.85448982457201 96.976726573384326  
-13.857370639310554 6.0382610676705006 95.09960887508943  -13.99670168251704 6.9336981167931615 95.099608875085551  -15.751060934163966 11.213719594137318 95.099608875088919  -14.333146790995283 6.096235961148837 95.099608875086588  -16.066158608424018 11.313911842325476 95.09960887508943  
-16.955048000147972 8.4381732492293526 97.200000000000003  -17.482873400831707 9.3726403977931732 97.200000000000074  -17.835312031031417 10.58253907220268 97.199999999999932  -17.706510616180001 9.4692534077306707 97.200000000000031  -18.540480167982842 10.778205991558035 97.200000000000003  

0 6
0.40511673548807942 1
0.69708385539968154 1
1 6

0 5
1 5

9 0 0 0 0 5 4 9 7 5 3 -4.6044814582750782 14.914594971754724 81  -6.3694982356651924 12.910909773412278 80.999999999999886  -8.9237228906739041 15.720377124331746 81.000000000000085  -13.709810143331161 15.444919439252347 80.99999999999973  -16.752415308248942 11.052853737576227 81.000000000000327  -18.584237679399621 10.373106121203035 80.999999999999645  -19.321342651049981 7.8189772286521952 81  
-0.88413745958075651 18.62749825031824 79.2329635674283  -5.66758520025836 33.660296745826145 79.232963567420796  -5.362003539483343 5.4552890137121963 79.232963567442084  -5.1355002827061469 6.3653782873481219 79.232963567423781  -16.964862993201585 15.057839059727115 79.232963567430374  -15.057204773249332 7.2970933125119526 79.232963567417215  -19.022678652242533 8.6040445542598132 79.2329635674283  
-12.012747664912832 10.226753987198606 84.928742275663581  -8.8983809400495595 -10.745405084405604 84.928742275671681  -18.33952774331377 31.814063571248035 84.928742275648261  -20.286400576184477 13.447611876096241 84.928742275669237  -21.536371607167872 13.551863434098642 84.928742275659914  -22.379963220428454 9.5357501977759576 84.928742275675546  -20.192133422411125 6.2732354874514336 84.928742275663581  
-7.4070843864970151 18.814436571333019 83.927497898272321  -12.061298631099781 40.312094833826713 83.927497898264477  -11.706877915403506 7.2884936659976987 83.927497898288038  -9.0269481527641062 5.0841477903164147 83.927497898266694  -19.429551295053194 13.940923000754763 83.927497898277466  -14.071659360941865 3.6627754271202733 83.927497898260327  -21.165227129476754 9.6001634094376325 83.927497898272321  
-15.879258377298122 9.1019151399669127 89.521466949038427  -15.7791729369447 -4.7062355463707064 89.521466949046442  -16.156397335606407 15.606518644089178 89.521466949020152  -29.240755658088172 29.090311321740469 89.521466949043685  -20.154138557362522 5.2050352939360991 89.521466949031975  -30.872700073950618 20.667157777596504 89.521466949051046  -24.230594896201815 8.9010024103413379 89.521466949038427  
-13.509523703797683 21.690634765416796 91.509572592778937  -14.929142571750795 30.817460450919178 91.509572592772372  -19.993235792151687 22.690745150302455 91.509572592794797  -12.403593052640751 3.3351925730253953 91.509572592774788  -25.561427058742666 23.065539795344922 91.509572592785474  -17.959013925601383 6.2865998620958088 91.509572592768365  -22.64987303193621 12.179055884758888 91.509572592778937  
-20.772498162106899 13.229230808289053 96.955624688463274  -21.933267931670962 8.3388558805328543 96.955624688470323  -19.365083767616234 10.790546504394378 96.955624688445297  -29.618839882780918 26.861007350845988 96.955624688467793  -20.125015951813854 4.0565783918462106 96.955624688455472  -25.687097094303937 15.710447582825511 96.955624688473847  -23.860480804413328 10.654838751865448 96.955624688463274  
-13.591198687381912 12.767311545044919 95.264935168314281  -14.35179291850061 23.819327508751211 95.264935168303907  -18.613606586493567 16.42228969161815 95.264935168339164  -11.035036525375391 -1.4639710422416121 95.264935168305982  -21.573456574843433 16.903426713036783 95.264935168326716  -18.214348990118637 6.4760662706370651 95.264935168299758  -19.246910572071712 8.3812022509475472 95.264935168314281  
-18.540480167982842 10.778205991558035 97.200000000000003  -19.028196496454949 12.327296563192251 97.199999999999321  -19.428135925098768 11.333965111175864 97.200000000000784  -20.470298618142433 11.460377600953699 97.199999999998852  -20.381368833231949 9.3407197738446275 97.200000000000941  -20.440311532682752 9.307361453873634 97.199999999999108  -20.727840820074512 9.0401017334861553 97.200000000000003  

0 6
0.29095901977650618 1
0.53844431177994412 1
0.73663624174176934 1
1 6

0 5
0.51628301138431454 2
1 5

9 0 0 0 0 5 3 6 4 2 2 -19.321342651049981 7.8189772286521952 81  -21.799183717499471 3.903343919702388 80.999999999999972  -20.570495704861319 -1.8602497400220817 81.000000000000028  -19.556517943830123 -6.8978839641227063 81  
-19.537551059458732 6.9188754671749955 83.896464225573808  -24.730258992822421 6.7115262333311287 83.896464225573908  -19.774801320578632 0.84134443075041609 83.896464225574448  -21.723282927216491 -2.2071521960856431 83.896464225573808  
-24.908576940568935 9.5473306878267401 88.142196803234398  -19.099679101457717 0.89232061871819823 88.142196803234384  -25.827650350731595 0.63371215936532899 88.142196803232665  -19.817705416949735 -3.5860425778558467 88.142196803234398  
-22.964572158527233 12.11118124355016 89.799783321818893  -26.399697673979333 10.466627462757689 89.799783321818609  -19.05313184454802 6.0338461118845625 89.799783321820854  -23.217199958462828 4.5188622128171536 89.799783321818893  
-24.257996653268794 11.625458268669517 94.649633040884396  -23.881955610942441 8.4376743853106202 94.64963304088468  -25.071091370994072 6.7342192490234796 94.649633040883515  -23.523707935762708 3.9704173980267461 94.649633040884396  
-20.727840820074512 9.0401017334861553 97.200000000000003  -21.201525797465226 8.5506300938915949 97.199999999999974  -21.045040794868925 7.6671054405581902 97.200000000000045  -21.005114581972805 6.852741081394484 97.200000000000003  

0 6
1 6

0 4
1 4

9 0 0 0 0 3 3 4 4 2 2 -19.556517943830123 -6.8978839641227063 81  -18.528250432576336 -10.772807803160665 80.999999999999972  -17.058354702895961 -14.395228646690262 81.000000000000057  -15.808099497143758 -18.101502002991381 81  
-20.346242191572916 -3.7683621166631265 83.504667617285151  -19.71997893924204 -6.2564715076629236 83.504667617285094  -19.121107894296745 -8.820883499526774 83.504667617285293  -18.20678963309334 -11.346604550286166 83.504667617285151  
-24.472646844932768 5.0534700331396172 94.304167154705709  -24.18782174575253 3.2084209512701523 94.304167154705709  -23.799136252913534 0.94488484337281498 94.30416715470561  -22.894867408277683 -0.79008821531436002 94.304167154705709  
-21.005114581972805 6.852741081394484 97.200000000000003  -20.60455164657165 6.2024933631434056 97.200000000000003  -20.268607255241626 5.8711704995093417 97.200000000000017  -20.355961805309306 5.0372594440680203 97.200000000000003  

0 4
1 4

0 4
1 4

9 0 0 0 0 4 3 5 4 2 2 -15.808099497143758 -18.101502002991381 81  -13.836394823912521 -24.068207567286013 80.999999999999886  -10.201399133202781 -29.499271608836217 81.000000000000128  -4.6044814582750835 -27.856164125152095 81  
-18.667919404108616 -11.242391485512655 84.340768263398544  -17.496757177639108 -14.564239100501469 84.340768263398317  -16.293037713135071 -24.511613682226901 84.340768263398417  -10.534329073077723 -24.045272952519074 84.340768263398544  
-19.793130237541178 -5.6698080916822153 88.827414748009815  -18.559444034202308 -9.2867111628516277 88.827414748010256  -17.906515391809329 -11.670699663371902 88.827414748009986  -13.816341386220898 -16.22215955791242 88.827414748009815  
-22.525801962597352 -0.51164541906203498 94.411836846070301  -21.120216156974102 -2.866106236012314 94.411836846069917  -20.211940210892529 -6.3449918399110601 94.411836846070301  -16.858990947675025 -8.2056927380848617 94.411836846070301  
-20.355961805309306 5.0372594440680203 97.200000000000003  -19.980064694809187 4.1651804905178249 97.200000000000017  -19.590763501434278 3.0500342033200254 97.200000000000003  -18.540480167982842 2.8624409861625812 97.200000000000003  

0 5
1 5

0 4
1 4

9 0 0 0 0 5 3 9 4 5 2 -4.6044814582750835 -27.856164125152095 81  0.9570974839940698 -26.722545407516716 80.999999999999943  5.902550554922728 -24.938482887719729 81.000000000000057  12.302605994265852 -23.804971416663648 81  
-5.285394345748724 -24.714746535661448 82.527009462420622  2.2339823990205776 -32.078643978206429 82.527009462416714  1.2732537433846201 -17.795031886545232 82.52700946241518  13.527650394723738 -25.172580057715148 82.527009462420622  
-9.1268132014576899 -26.991743015089838 82.501996089900615  -6.6890037741293273 -18.913783187016215 82.501996089905589  9.0774288480624943 -31.271966269713509 82.501996089907209  2.0585804479545917 -15.092488880735274 82.501996089900615  
-9.8844524370276829 -20.473974173397597 86.253464054478982  -2.4281603369181468 -26.093600034903623 86.253464054472545  -3.5202414151713861 -13.32712432925485 86.253464054472317  4.8389988464030651 -17.201022356060182 86.253464054478982  
-14.956798543584018 -16.241010774694686 88.606471709058951  -15.773713378991046 -8.2567415937788553 88.606471709068785  2.6062671047403789 -24.262303627089558 88.606471709067534  -8.7681867198803154 -6.0887483661186419 88.606471709058951  
-15.1136311868623 -8.1357732183130622 94.066720374785319  -7.6750278622458907 -14.648593211706059 94.066720374774462  -14.225941629274363 1.5305970850483988 94.066720374777333  -1.7100256621896968 -8.1953373285233653 94.066720374785319  
-19.383657772234542 -3.59562517284549 94.261706056316271  -21.680148014295536 0.54690615480142224 94.261706056329658  -3.8026854224014919 -14.489980868985494 94.261706056324726  -20.019664866384019 5.8140399484438792 94.261706056316271  
-15.321674250111617 1.8643083282328425 98.582585777249108  -9.0101870677354796 -6.6545974485059309 98.582585777232765  -23.85180010556719 14.951600371926535 98.582585777239302  -3.302817855736925 -6.3360281868816264 98.582585777249108  
-18.540480167982842 2.8624409861625812 97.200000000000003  -17.472251493818604 1.9148312717993972 97.199999999999932  -15.681038321193942 2.8378211754759874 97.200000000000045  -15.94248100781917 4.25474192123081 97.200000000000003  

0 6
0.24707617844083585 1
0.46498251911649247 1
0.6921079663417522 1
1 6

0 4
1 4

9 0 0 0 0 5 4 9 5 5 2 12.302605994265852 -23.804971416663648 81  22.798683753638763 -25.819936490887429 81.000000000000071  8.5969244678600347 -11.789215355279577 80.999999999999915  9.7300363170806161 -11.759336386290114 81.000000000000028  7.8973571333248067 -6.8978839641227108 81  
27.631124727469818 -37.921363614500017 81.932062676610173  -19.138704323559544 24.270633522761997 81.932062676560037  9.6743646098458953 -47.676016136399625 81.932062676589794  29.001319711566659 -3.3550428288393839 81.932062676546821  3.4141930527048121 -9.7406341306567015 81.932062676610173  
-3.0599264356307465 -10.449928613409881 82.390689069385104  35.608540492611553 -49.603535183440393 82.390689069420915  15.146525501239468 8.4012112303685953 82.390689069399627  -12.156375594473282 -12.902082641455582 82.390689069430579  6.4778655065631199 -2.9827897138510835 82.390689069385104  
10.885703138422793 -22.559542128930062 83.982562914586396  -13.749432385389385 11.320951591885077 83.982562914560503  -0.096748404467847937 -24.947003536247983 83.982562914575311  12.247474609077919 -3.6926911184274491 83.982562914552858  1.9935672383583709 -4.5253900205671789 83.982562914586396  
-10.761547573451113 -4.4672438618147083 89.169226699725357  11.067688798981067 -25.785792315240304 89.169226699749402  -1.8921410202342841 5.1412896271379331 89.169226699736015  -6.2497280811034877 -7.7519225974766393 89.169226699756649  -2.6636215493963249 0.54060552112587423 89.169226699725357  
-0.89369961158401523 -9.5798336076894834 92.567024983519786  -12.686391504885036 8.654667686432969 92.567024983502279  -10.728285028801423 -4.9319915314889968 92.567024983511999  -7.4404219176583162 4.4478592369341072 92.567024983497191  -9.5663186076860107 3.779667977037402 92.567024983519786  
-18.574961820804781 5.1529472022474652 95.020339950163375  -9.748844009839198 -4.3968078953302037 95.020339950180954  -6.2328513753762493 2.3811470522636968 95.020339950173593  -9.5378990827843637 2.3428891690560185 95.020339950185985  -12.773728180249842 6.1343950014997208 95.020339950163375  
-6.0767702584715408 -4.5170909061451141 98.087253598368321  -9.4320876943109777 4.1421207155154542 98.087253598348028  -22.810769246696832 8.0461442346341023 98.087253598355417  -19.180266816624741 5.6666800053253343 98.0872535983425  -15.641264775899256 4.9137447007784516 98.087253598368321  
-15.94248100781917 4.25474192123081 97.200000000000003  -16.114631409584241 5.3301870969844014 97.199999999999847  -15.555683241119816 5.1612390277992031 97.200000000000358  -16.105625458354776 6.2248222298790603 97.199999999999761  -16.541708369207907 6.8527410813944831 97.200000000000003  

0 6
0.3504092674379759 1
0.55065803079109255 1
0.7574108505819831 1
1 6

0 5
1 5

Triangulations 0

TShapes 321
Ve
1e-07
-2.33221352661152 0.502937005030498 0.8
0 0

0101101
*
Ve
1e-07
-3.29360796222461 1.43088542285007 0.8
0 0

0101101
*
Ed
 1e-07 1 1 0
1  1 0 0 1
2  1 1 0 0 1
0

0101000
+321 0 -320 0 *
Ve
1e-07
10.4272353559251 8.6006274977305 32
0 0

0101101
*
Ed
 1e-07 1 1 0
1  2 0 0 1
2  2 1 0 0 1
0

0101000
+321 0 -318 0 *
Ve
1e-07
9.75960328644324 20.5683006395523 32
0 0

0101101
*
Ed
 1e-07 1 1 0
1  3 0 0 1
2  3 1 0 0 1
0

0101000
+318 0 -316 0 *
Ed
 1e-07 1 1 0
1  4 0 0 1
2  4 1 0 0 1
0

0101000
+320 0 -316 0 *
Wi

0101100
-319 0 +317 0 +315 0 -314 0 *
Fa
1  1e-07 1 0

0101000
+313 0 *
Ve
1e-07
-3.29360796222461 1.43088542285007 0.8
0 0

0101101
*
Ve
1e-07
-4.22155638004418 2.1449102786317 0.8
0 0

0101101
*
Ed
 1e-07 1 1 0
1  5 0 0 1
2  5 2 0 0 1
0

0101000
+311 0 -310 0 *
Ve
1e-07
9.75960328644324 20.5683006395523 32
0 0

0101101
*
Ed
 1e-07 1 1 0
1  6 0 0 1
2  6 2 0 0 1
0

0101000
+311 0 -308 0 *
Ve
1e-07
-2.20806985537853 36.9945551038329 32
0 0

0101101
*
Ed
 1e-07 1 1 0
1  7 0 0 1
2  7 2 0 0 1
0

0101000
+308 0 -306 0 *
Ed
 1e-07 1 1 0
1  8 0 0 1
2  8 2 0 0 1
0

0101000
+310 0 -306 0 *
Wi

0101100
-309 0 +307 0 +305 0 -304 0 *
Fa
1  1e-07 2 0

0101000
+303 0 *
Ve
1e-07
-4.22155638004418 2.1449102786317 0.8
0 0

0101101
*
Ve
1e-07
-6.88129016385204 3.16267078883835 0.8
0 0

0101101
*
Ed
 1e-07 1 1 0
1  9 0 0 1
2  9 3 0 0 1
0

0101000
+301 0 -300 0 *
Ve
1e-07
-2.20806985537853 36.9945551038329 32
0 0

0101101
*
Ed
 1e-07 1 1 0
1  10 0 0 1
2  10 3 0 0 1
0

0101000
+301 0 -298 0 *
Ve
1e-07
-17.862842805204 24.255400447556 32
0 0

0101101
*
Ed
 1e-07 1 1 0
1  11 0 0 1
2  11 3 0 0 1
0

0101000
+298 0 -296 0 *
Ed
 1e-07 1 1 0
1  12 0 0 1
2  12 3 0 0 1
0

0101000
+300 0 -296 0 *
Wi

0101100
-299 0 +297 0 +295 0 -294 0 *
Fa
1  1e-07 3 0

0101000
+293 0 *
Ve
1e-07
-6.88129016385204 3.16267078883835 0.8
0 0

0101101
*
Ve
1e-07
-6.24376954188995 0.502937005030498 0.8
0 0

0101101
*
Ed
 1e-07 1 1 0
1  13 0 0 1
2  13 4 0 0 1
0

0101000
+291 0 -290 0 *
Ve
1e-07
-17.862842805204 24.255400447556 32
0 0

0101101
*
Ed
 1e-07 1 1 0
1  14 0 0 1
2  14 4 0 0 1
0

0101000
+291 0 -288 0 *
Ve
1e-07
-19.1653666972242 8.6006274977305 32
0 0

0101101
*
Ed
 1e-07 1 1 0
1  15 0 0 1
2  15 4 0 0 1
0

0101000
+288 0 -286 0 *
Ed
 1e-07 1 1 0
1  16 0 0 1
2  16 4 0 0 1
0

0101000
+290 0 -286 0 *
Wi

0101100
-289 0 +287 0 +285 0 -284 0 *
Fa
1  1e-07 4 0

0101000
+283 0 *
Ve
1e-07
-6.24376954188995 0.502937005030498 0.8
0 0

0101101
*
Ve
1e-07
-5.46728851125984 -0.742795126185158 0.8
0 0

0101101
*
Ed
 1e-07 1 1 0
1  17 0 0 1
2  17 5 0 0 1
0

0101000
+281 0 -280 0 *
Ve
1e-07
-19.1653666972242 8.6006274977305 32
0 0

0101101
*
Ed
 1e-07 1 1 0
1  18 0 0 1
2  18 5 0 0 1
0

0101000
+281 0 -278 0 *
Ve
1e-07
-15.6009056577335 -4.79220830462442 32
0 0

0101101
*
Ed
 1e-07 1 1 0
1  19 0 0 1
2  19 5 0 0 1
0

0101000
+278 0 -276 0 *
Ed
 1e-07 1 1 0
1  20 0 0 1
2  20 5 0 0 1
0

0101000
+280 0 -276 0 *
Wi

0101100
-279 0 +277 0 +275 0 -274 0 *
Fa
1  1e-07 5 0

0101000
+273 0 *
Ve
1e-07
-5.46728851125984 -0.742795126185158 0.8
0 0

0101101
*
Ve
1e-07
-4.22155638004419 -1.97771362129655 0.8
0 0

0101101
*
Ed
 1e-07 1 1 0
1  21 0 0 1
2  21 6 0 0 1
0

0101000
+271 0 -270 0 *
Ve
1e-07
-15.6009056577335 -4.79220830462442 32
0 0

0101101
*
Ed
 1e-07 1 1 0
1  22 0 0 1
2  22 6 0 0 1
0

0101000
+271 0 -268 0 *
Ve
1e-07
-2.20806985537853 -19.8070297633574 32
0 0

0101101
*
Ed
 1e-07 1 1 0
1  23 0 0 1
2  23 6 0 0 1
0

0101000
+268 0 -266 0 *
Ed
 1e-07 1 1 0
1  24 0 0 1
2  24 6 0 0 1
0

0101000
+270 0 -266 0 *
Wi

0101100
-269 0 +267 0 +265 0 -264 0 *
Fa
1  1e-07 6 0

0101000
+263 0 *
Ve
1e-07
-4.22155638004419 -1.97771362129655 0.8
0 0

0101101
*
Ve
1e-07
-1.24508448643482 -2.47353488857887 0.8
0 0

0101101
*
Ed
 1e-07 1 1 0
1  25 0 0 1
2  25 7 0 0 1
0

0101000
+261 0 -260 0 *
Ve
1e-07
-2.20806985537853 -19.8070297633574 32
0 0

0101101
*
Ed
 1e-07 1 1 0
1  26 0 0 1
2  26 7 0 0 1
0

0101000
+261 0 -258 0 *
Ve
1e-07
11.9627569524789 -5.57019931012696 32
0 0

0101101
*
Ed
 1e-07 1 1 0
1  27 0 0 1
2  27 7 0 0 1
0

0101000
+258 0 -256 0 *
Ed
 1e-07 1 1 0
1  28 0 0 1
2  28 7 0 0 1
0

0101000
+260 0 -256 0 *
Wi

0101100
-259 0 +257 0 +255 0 -254 0 *
Fa
1  1e-07 7 0

0101000
+253 0 *
Ve
1e-07
-1.24508448643482 -2.47353488857887 0.8
0 0

0101101
*
Ve
1e-07
-2.33221352661152 0.502937005030497 0.8
0 0

0101101
*
Ed
 1e-07 1 1 0
1  29 0 0 1
2  29 8 0 0 1
0

0101000
+251 0 -250 0 *
Ve
1e-07
11.9627569524789 -5.57019931012696 32
0 0

0101101
*
Ed
 1e-07 1 1 0
1  30 0 0 1
2  30 8 0 0 1
0

0101000
+251 0 -248 0 *
Ve
1e-07
10.4272353559251 8.6006274977305 32
0 0

0101101
*
Ed
 1e-07 1 1 0
1  31 0 0 1
2  31 8 0 0 1
0

0101000
+248 0 -246 0 *
Ed
 1e-07 1 1 0
1  32 0 0 1
2  32 8 0 0 1
0

0101000
+250 0 -246 0 *
Wi

0101100
-249 0 +247 0 +245 0 -244 0 *
Fa
1  1e-07 8 0

0101000
+243 0 *
Ve
1e-07
10.4272353559251 8.6006274977305 32
0 0

0101101
*
Ve
1e-07
9.75960328644324 20.5683006395523 32
0 0

0101101
*
Ed
 1e-07 1 1 0
1  33 0 0 1
2  33 9 0 0 1
0

0101000
+241 0 -240 0 *
Ve
1e-07
18.3375672520807 -9.50703448958157 64
0 0

0101101
*
Ed
 1e-07 1 1 0
1  34 0 0 1
2  34 9 0 0 1
0

0101000
+241 0 -238 0 *
Ve
1e-07
14.9814680712758 2.9814262917931 64
0 0

0101101
*
Ed
 1e-07 1 1 0
1  35 0 0 1
2  35 9 0 0 1
0

0101000
+238 0 -236 0 *
Ed
 1e-07 1 1 0
1  36 0 0 1
2  36 9 0 0 1
0

0101000
+240 0 -236 0 *
Wi

0101100
-239 0 +237 0 +235 0 -234 0 *
Fa
1  1e-07 9 0

0101000
+233 0 *
Ve
1e-07
9.75960328644324 20.5683006395523 32
0 0

0101101
*
Ve
1e-07
-2.20806985537853 36.9945551038329 32
0 0

0101101
*
Ed
 1e-07 1 1 0
1  37 0 0 1
2  37 10 0 0 1
0

0101000
+231 0 -230 0 *
Ve
1e-07
14.9814680712758 2.9814262917931 64
0 0

0101101
*
Ed
 1e-07 1 1 0
1  38 0 0 1
2  38 10 0 0 1
0

0101000
+231 0 -228 0 *
Ve
1e-07
2.49300728990117 16.5265917451193 64
0 0

0101101
*
Ed
 1e-07 1 1 0
1  39 0 0 1
2  39 10 0 0 1
0

0101000
+228 0 -226 0 *
Ed
 1e-07 1 1 0
1  40 0 0 1
2  40 10 0 0 1
0

0101000
+230 0 -226 0 *
Wi

0101100
-229 0 +227 0 +225 0 -224 0 *
Fa
1  1e-07 10 0

0101000
+223 0 *
Ve
1e-07
-2.20806985537853 36.9945551038329 32
0 0

0101101
*
Ve
1e-07
-17.862842805204 24.255400447556 32
0 0

0101101
*
Ed
 1e-07 1 1 0
1  41 0 0 1
2  41 11 0 0 1
0

0101000
+221 0 -220 0 *
Ve
1e-07
2.49300728990117 16.5265917451193 64
0 0

0101101
*
Ed
 1e-07 1 1 0
1  42 0 0 1
2  42 11 0 0 1
0

0101000
+221 0 -218 0 *
Ve
1e-07
-14.7797634891914 7.76573628951099 64
0 0

0101101
*
Ed
 1e-07 1 1 0
1  43 0 0 1
2  43 11 0 0 1
0

0101000
+218 0 -216 0 *
Ed
 1e-07 1 1 0
1  44 0 0 1
2  44 11 0 0 1
0

0101000
+220 0 -216 0 *
Wi

0101100
-219 0 +217 0 +215 0 -214 0 *
Fa
1  1e-07 11 0

0101000
+213 0 *
Ve
1e-07
-17.862842805204 24.255400447556 32
0 0

0101101
*
Ve
1e-07
-19.1653666972242 8.6006274977305 32
0 0

0101101
*
Ed
 1e-07 1 1 0
1  45 0 0 1
2  45 12 0 0 1
0

0101000
+211 0 -210 0 *
Ve
1e-07
-14.7797634891914 7.76573628951099 64
0 0

0101101
*
Ed
 1e-07 1 1 0
1  46 0 0 1
2  46 12 0 0 1
0

0101000
+211 0 -208 0 *
Ve
1e-07
-16.4735796842194 -9.50703448958157 64
0 0

0101101
*
Ed
 1e-07 1 1 0
1  47 0 0 1
2  47 12 0 0 1
0

0101000
+208 0 -206 0 *
Ed
 1e-07 1 1 0
1  48 0 0 1
2  48 12 0 0 1
0

0101000
+210 0 -206 0 *
Wi

0101100
-209 0 +207 0 +205 0 -204 0 *
Fa
1  1e-07 12 0

0101000
+203 0 *
Ve
1e-07
-19.1653666972242 8.6006274977305 32
0 0

0101101
*
Ve
1e-07
-15.6009056577335 -4.79220830462442 32
0 0

0101101
*
Ed
 1e-07 1 1 0
1  49 0 0 1
2  49 13 0 0 1
0

0101000
+201 0 -200 0 *
Ve
1e-07
-16.4735796842194 -9.50703448958157 64
0 0

0101101
*
Ed
 1e-07 1 1 0
1  50 0 0 1
2  50 13 0 0 1
0

0101000
+201 0 -198 0 *
Ve
1e-07
-11.0999908010085 -23.1000325804912 64
0 0

0101101
*
Ed
 1e-07 1 1 0
1  51 0 0 1
2  51 13 0 0 1
0

0101000
+198 0 -196 0 *
Ed
 1e-07 1 1 0
1  52 0 0 1
2  52 13 0 0 1
0

0101000
+200 0 -196 0 *
Wi

0101100
-199 0 +197 0 +195 0 -194 0 *
Fa
1  1e-07 13 0

0101000
+193 0 *
Ve
1e-07
-15.6009056577335 -4.79220830462442 32
0 0

0101101
*
Ve
1e-07
-2.20806985537853 -19.8070297633574 32
0 0

0101101
*
Ed
 1e-07 1 1 0
1  53 0 0 1
2  53 14 0 0 1
0

0101000
+191 0 -190 0 *
Ve
1e-07
-11.0999908010085 -23.1000325804912 64
0 0

0101101
*
Ed
 1e-07 1 1 0
1  54 0 0 1
2  54 14 0 0 1
0

0101000
+191 0 -188 0 *
Ve
1e-07
2.49300728990116 -36.9515803743667 64
0 0

0101101
*
Ed
 1e-07 1 1 0
1  55 0 0 1
2  55 14 0 0 1
0

0101000
+188 0 -186 0 *
Ed
 1e-07 1 1 0
1  56 0 0 1
2  56 14 0 0 1
0

0101000
+190 0 -186 0 *
Wi

0101100
-189 0 +187 0 +185 0 -184 0 *
Fa
1  1e-07 14 0

0101000
+183 0 *
Ve
1e-07
-2.20806985537853 -19.8070297633574 32
0 0

0101101
*
Ve
1e-07
11.9627569524789 -5.57019931012696 32
0 0

0101101
*
Ed
 1e-07 1 1 0
1  57 0 0 1
2  57 15 0 0 1
0

0101000
+181 0 -180 0 *
Ve
1e-07
2.49300728990116 -36.9515803743667 64
0 0

0101101
*
Ed
 1e-07 1 1 0
1  58 0 0 1
2  58 15 0 0 1
0

0101000
+181 0 -178 0 *
Ve
1e-07
20.5490207339982 -27.5630479336787 64
0 0

0101101
*
Ed
 1e-07 1 1 0
1  59 0 0 1
2  59 15 0 0 1
0

0101000
+178 0 -176 0 *
Ed
 1e-07 1 1 0
1  60 0 0 1
2  60 15 0 0 1
0

0101000
+180 0 -176 0 *
Wi

0101100
-179 0 +177 0 +175 0 -174 0 *
Fa
1  1e-07 15 0

0101000
+173 0 *
Ve
1e-07
11.9627569524789 -5.57019931012696 32
0 0

0101101
*
Ve
1e-07
10.4272353559251 8.6006274977305 32
0 0

0101101
*
Ed
 1e-07 1 1 0
1  61 0 0 1
2  61 16 0 0 1
0

0101000
+171 0 -170 0 *
Ve
1e-07
20.5490207339982 -27.5630479336787 64
0 0

0101101
*
Ed
 1e-07 1 1 0
1  62 0 0 1
2  62 16 0 0 1
0

0101000
+171 0 -168 0 *
Ve
1e-07
18.3375672520807 -9.50703448958157 64
0 0

0101101
*
Ed
 1e-07 1 1 0
1  63 0 0 1
2  63 16 0 0 1
0

0101000
+168 0 -166 0 *
Ed
 1e-07 1 1 0
1  64 0 0 1
2  64 16 0 0 1
0

0101000
+170 0 -166 0 *
Wi

0101100
-169 0 +167 0 +165 0 -164 0 *
Fa
1  1e-07 16 0

0101000
+163 0 *
Ve
1e-07
18.3375672520807 -9.50703448958157 64
0 0

0101101
*
Ve
1e-07
14.9814680712758 2.9814262917931 64
0 0

0101101
*
Ed
 1e-07 1 1 0
1  65 0 0 1
2  65 17 0 0 1
0

0101000
+161 0 -160 0 *
Ve
1e-07
7.8973571333248 -6.89788396412271 81
0 0

0101101
*
Ed
 1e-07 1 1 0
1  66 0 0 1
2  66 17 0 0 1
0

0101000
+161 0 -158 0 *
Ve
1e-07
4.98253905076182 2.68913654491419 81
0 0

0101101
*
Ed
 1e-07 1 1 0
1  67 0 0 1
2  67 17 0 0 1
0

0101000
+158 0 -156 0 *
Ed
 1e-07 1 1 0
1  68 0 0 1
2  68 17 0 0 1
0

0101000
+160 0 -156 0 *
Wi

0101100
-159 0 +157 0 +155 0 -154 0 *
Fa
1  1e-07 17 0

0101000
+153 0 *
Ve
1e-07
14.9814680712758 2.9814262917931 64
0 0

0101101
*
Ve
1e-07
2.49300728990117 16.5265917451193 64
0 0

0101101
*
Ed
 1e-07 1 1 0
1  69 0 0 1
2  69 18 0 0 1
0

0101000
+151 0 -150 0 *
Ve
1e-07
4.98253905076182 2.68913654491419 81
0 0

0101101
*
Ed
 1e-07 1 1 0
1  70 0 0 1
2  70 18 0 0 1
0

0101000
+151 0 -148 0 *
Ve
1e-07
-4.60448145827508 14.9145949717547 81
0 0

0101101
*
Ed
 1e-07 1 1 0
1  71 0 0 1
2  71 18 0 0 1
0

0101000
+148 0 -146 0 *
Ed
 1e-07 1 1 0
1  72 0 0 1
2  72 18 0 0 1
0

0101000
+150 0 -146 0 *
Wi

0101100
-149 0 +147 0 +145 0 -144 0 *
Fa
1  1e-07 18 0

0101000
+143 0 *
Ve
1e-07
2.49300728990117 16.5265917451193 64
0 0

0101101
*
Ve
1e-07
-14.7797634891914 7.76573628951099 64
0 0

0101101
*
Ed
 1e-07 1 1 0
1  73 0 0 1
2  73 19 0 0 1
0

0101000
+141 0 -140 0 *
Ve
1e-07
-4.60448145827508 14.9145949717547 81
0 0

0101101
*
Ed
 1e-07 1 1 0
1  74 0 0 1
2  74 19 0 0 1
0

0101000
+141 0 -138 0 *
Ve
1e-07
-19.32134265105 7.8189772286522 81
0 0

0101101
*
Ed
 1e-07 1 1 0
1  75 0 0 1
2  75 19 0 0 1
0

0101000
+138 0 -136 0 *
Ed
 1e-07 1 1 0
1  76 0 0 1
2  76 19 0 0 1
0

0101000
+140 0 -136 0 *
Wi

0101100
-139 0 +137 0 +135 0 -134 0 *
Fa
1  1e-07 19 0

0101000
+133 0 *
Ve
1e-07
-14.7797634891914 7.76573628951099 64
0 0

0101101
*
Ve
1e-07
-16.4735796842194 -9.50703448958157 64
0 0

0101101
*
Ed
 1e-07 1 1 0
1  77 0 0 1
2  77 20 0 0 1
0

0101000
+131 0 -130 0 *
Ve
1e-07
-19.32134265105 7.8189772286522 81
0 0

0101101
*
Ed
 1e-07 1 1 0
1  78 0 0 1
2  78 20 0 0 1
0

0101000
+131 0 -128 0 *
Ve
1e-07
-19.5565179438301 -6.89788396412271 81
0 0

0101101
*
Ed
 1e-07 1 1 0
1  79 0 0 1
2  79 20 0 0 1
0

0101000
+128 0 -126 0 *
Ed
 1e-07 1 1 0
1  80 0 0 1
2  80 20 0 0 1
0

0101000
+130 0 -126 0 *
Wi

0101100
-129 0 +127 0 +125 0 -124 0 *
Fa
1  1e-07 20 0

0101000
+123 0 *
Ve
1e-07
-16.4735796842194 -9.50703448958157 64
0 0

0101101
*
Ve
1e-07
-11.0999908010085 -23.1000325804912 64
0 0

0101101
*
Ed
 1e-07 1 1 0
1  81 0 0 1
2  81 21 0 0 1
0

0101000
+121 0 -120 0 *
Ve
1e-07
-19.5565179438301 -6.89788396412271 81
0 0

0101101
*
Ed
 1e-07 1 1 0
1  82 0 0 1
2  82 21 0 0 1
0

0101000
+121 0 -118 0 *
Ve
1e-07
-15.8080994971438 -18.1015020029914 81
0 0

0101101
*
Ed
 1e-07 1 1 0
1  83 0 0 1
2  83 21 0 0 1
0

0101000
+118 0 -116 0 *
Ed
 1e-07 1 1 0
1  84 0 0 1
2  84 21 0 0 1
0

0101000
+120 0 -116 0 *
Wi

0101100
-119 0 +117 0 +115 0 -114 0 *
Fa
1  1e-07 21 0

0101000
+113 0 *
Ve
1e-07
-11.0999908010085 -23.1000325804912 64
0 0

0101101
*
Ve
1e-07
2.49300728990116 -36.9515803743667 64
0 0

0101101
*
Ed
 1e-07 1 1 0
1  85 0 0 1
2  85 22 0 0 1
0

0101000
+111 0 -110 0 *
Ve
1e-07
-15.8080994971438 -18.1015020029914 81
0 0

0101101
*
Ed
 1e-07 1 1 0
1  86 0 0 1
2  86 22 0 0 1
0

0101000
+111 0 -108 0 *
Ve
1e-07
-4.60448145827508 -27.8561641251521 81
0 0

0101101
*
Ed
 1e-07 1 1 0
1  87 0 0 1
2  87 22 0 0 1
0

0101000
+108 0 -106 0 *
Ed
 1e-07 1 1 0
1  88 0 0 1
2  88 22 0 0 1
0

0101000
+110 0 -106 0 *
Wi

0101100
-109 0 +107 0 +105 0 -104 0 *
Fa
1  1e-07 22 0

0101000
+103 0 *
Ve
1e-07
2.49300728990116 -36.9515803743667 64
0 0

0101101
*
Ve
1e-07
20.5490207339982 -27.5630479336787 64
0 0

0101101
*
Ed
 1e-07 1 1 0
1  89 0 0 1
2  89 23 0 0 1
0

0101000
+101 0 -100 0 *
Ve
1e-07
-4.60448145827508 -27.8561641251521 81
0 0

0101101
*
Ed
 1e-07 1 1 0
1  90 0 0 1
2  90 23 0 0 1
0

0101000
+101 0 -98 0 *
Ve
1e-07
12.3026059942659 -23.8049714166636 81
0 0

0101101
*
Ed
 1e-07 1 1 0
1  91 0 0 1
2  91 23 0 0 1
0

0101000
+98 0 -96 0 *
Ed
 1e-07 1 1 0
1  92 0 0 1
2  92 23 0 0 1
0

0101000
+100 0 -96 0 *
Wi

0101100
-99 0 +97 0 +95 0 -94 0 *
Fa
1  1e-07 23 0

0101000
+93 0 *
Ve
1e-07
20.5490207339982 -27.5630479336787 64
0 0

0101101
*
Ve
1e-07
18.3375672520807 -9.50703448958157 64
0 0

0101101
*
Ed
 1e-07 1 1 0
1  93 0 0 1
2  93 24 0 0 1
0

0101000
+91 0 -90 0 *
Ve
1e-07
12.3026059942659 -23.8049714166636 81
0 0

0101101
*
Ed
 1e-07 1 1 0
1  94 0 0 1
2  94 24 0 0 1
0

0101000
+91 0 -88 0 *
Ve
1e-07
7.89735713332481 -6.89788396412271 81
0 0

0101101
*
Ed
 1e-07 1 1 0
1  95 0 0 1
2  95 24 0 0 1
0

0101000
+88 0 -86 0 *
Ed
 1e-07 1 1 0
1  96 0 0 1
2  96 24 0 0 1
0

0101000
+90 0 -86 0 *
Wi

0101100
-89 0 +87 0 +85 0 -84 0 *
Fa
1  1e-07 24 0

0101000
+83 0 *
Ve
1e-07
7.8973571333248 -6.89788396412271 81
0 0

0101101
*
Ve
1e-07
4.98253905076182 2.68913654491419 81
0 0

0101101
*
Ed
 1e-07 1 1 0
1  97 0 0 1
2  97 25 0 0 1
0

0101000
+81 0 -80 0 *
Ve
1e-07
-16.5417083692079 6.85274108139448 97.2
0 0

0101101
*
Ed
 1e-07 1 1 0
1  98 0 0 1
2  98 25 0 0 1
0

0101000
+81 0 -78 0 *
Ve
1e-07
-16.955048000148 8.43817324922935 97.2
0 0

0101101
*
Ed
 1e-07 1 1 0
1  99 0 0 1
2  99 25 0 0 1
0

0101000
+78 0 -76 0 *
Ed
 1e-07 1 1 0
1  100 0 0 1
2  100 25 0 0 1
0

0101000
+80 0 -76 0 *
Wi

0101100
-79 0 +77 0 +75 0 -74 0 *
Fa
1  1e-07 25 0

0101000
+73 0 *
Ve
1e-07
4.98253905076182 2.68913654491419 81
0 0

0101101
*
Ve
1e-07
-4.60448145827508 14.9145949717547 81
0 0

0101101
*
Ed
 1e-07 1 1 0
1  101 0 0 1
2  101 26 0 0 1
0

0101000
+71 0 -70 0 *
Ve
1e-07
-16.955048000148 8.43817324922935 97.2
0 0

0101101
*
Ed
 1e-07 1 1 0
1  102 0 0 1
2  102 26 0 0 1
0

0101000
+71 0 -68 0 *
Ve
1e-07
-18.5404801679828 10.778205991558 97.2
0 0

0101101
*
Ed
 1e-07 1 1 0
1  103 0 0 1
2  103 26 0 0 1
0

0101000
+68 0 -66 0 *
Ed
 1e-07 1 1 0
1  104 0 0 1
2  104 26 0 0 1
0

0101000
+70 0 -66 0 *
Wi

0101100
-69 0 +67 0 +65 0 -64 0 *
Fa
1  1e-07 26 0

0101000
+63 0 *
Ve
1e-07
-4.60448145827508 14.9145949717547 81
0 0

0101101
*
Ve
1e-07
-19.32134265105 7.8189772286522 81
0 0

0101101
*
Ed
 1e-07 1 1 0
1  105 0 0 1
2  105 27 0 0 1
0

0101000
+61 0 -60 0 *
Ve
1e-07
-18.5404801679828 10.778205991558 97.2
0 0

0101101
*
Ed
 1e-07 1 1 0
1  106 0 0 1
2  106 27 0 0 1
0

0101000
+61 0 -58 0 *
Ve
1e-07
-20.7278408200745 9.04010173348616 97.2
0 0

0101101
*
Ed
 1e-07 1 1 0
1  107 0 0 1
2  107 27 0 0 1
0

0101000
+58 0 -56 0 *
Ed
 1e-07 1 1 0
1  108 0 0 1
2  108 27 0 0 1
0

0101000
+60 0 -56 0 *
Wi

0101100
-59 0 +57 0 +55 0 -54 0 *
Fa
1  1e-07 27 0

0101000
+53 0 *
Ve
1e-07
-19.32134265105 7.8189772286522 81
0 0

0101101
*
Ve
1e-07
-19.5565179438301 -6.89788396412271 81
0 0

0101101
*
Ed
 1e-07 1 1 0
1  109 0 0 1
2  109 28 0 0 1
0

0101000
+51 0 -50 0 *
Ve
1e-07
-20.7278408200745 9.04010173348616 97.2
0 0

0101101
*
Ed
 1e-07 1 1 0
1  110 0 0 1
2  110 28 0 0 1
0

0101000
+51 0 -48 0 *
Ve
1e-07
-21.0051145819728 6.85274108139448 97.2
0 0

0101101
*
Ed
 1e-07 1 1 0
1  111 0 0 1
2  111 28 0 0 1
0

0101000
+48 0 -46 0 *
Ed
 1e-07 1 1 0
1  112 0 0 1
2  112 28 0 0 1
0

0101000
+50 0 -46 0 *
Wi

0101100
-49 0 +47 0 +45 0 -44 0 *
Fa
1  1e-07 28 0

0101000
+43 0 *
Ve
1e-07
-19.5565179438301 -6.89788396412271 81
0 0

0101101
*
Ve
1e-07
-15.8080994971438 -18.1015020029914 81
0 0

0101101
*
Ed
 1e-07 1 1 0
1  113 0 0 1
2  113 29 0 0 1
0

0101000
+41 0 -40 0 *
Ve
1e-07
-21.0051145819728 6.85274108139448 97.2
0 0

0101101
*
Ed
 1e-07 1 1 0
1  114 0 0 1
2  114 29 0 0 1
0

0101000
+41 0 -38 0 *
Ve
1e-07
-20.3559618053093 5.03725944406802 97.2
0 0

0101101
*
Ed
 1e-07 1 1 0
1  115 0 0 1
2  115 29 0 0 1
0

0101000
+38 0 -36 0 *
Ed
 1e-07 1 1 0
1  116 0 0 1
2  116 29 0 0 1
0

0101000
+40 0 -36 0 *
Wi

0101100
-39 0 +37 0 +35 0 -34 0 *
Fa
1  1e-07 29 0

0101000
+33 0 *
Ve
1e-07
-15.8080994971438 -18.1015020029914 81
0 0

0101101
*
Ve
1e-07
-4.60448145827508 -27.8561641251521 81
0 0

0101101
*
Ed
 1e-07 1 1 0
1  117 0 0 1
2  117 30 0 0 1
0

0101000
+31 0 -30 0 *
Ve
1e-07
-20.3559618053093 5.03725944406802 97.2
0 0

0101101
*
Ed
 1e-07 1 1 0
1  118 0 0 1
2  118 30 0 0 1
0

0101000
+31 0 -28 0 *
Ve
1e-07
-18.5404801679828 2.86244098616258 97.2
0 0

0101101
*
Ed
 1e-07 1 1 0
1  119 0 0 1
2  119 30 0 0 1
0

0101000
+28 0 -26 0 *
Ed
 1e-07 1 1 0
1  120 0 0 1
2  120 30 0 0 1
0

0101000
+30 0 -26 0 *
Wi

0101100
-29 0 +27 0 +25 0 -24 0 *
Fa
1  1e-07 30 0

0101000
+23 0 *
Ve
1e-07
-4.60448145827508 -27.8561641251521 81
0 0

0101101
*
Ve
1e-07
12.3026059942659 -23.8049714166636 81
0 0

0101101
*
Ed
 1e-07 1 1 0
1  121 0 0 1
2  121 31 0 0 1
0

0101000
+21 0 -20 0 *
Ve
1e-07
-18.5404801679828 2.86244098616258 97.2
0 0

0101101
*
Ed
 1e-07 1 1 0
1  122 0 0 1
2  122 31 0 0 1
0

0101000
+21 0 -18 0 *
Ve
1e-07
-15.9424810078192 4.25474192123081 97.2
0 0

0101101
*
Ed
 1e-07 1 1 0
1  123 0 0 1
2  123 31 0 0 1
0

0101000
+18 0 -16 0 *
Ed
 1e-07 1 1 0
1  124 0 0 1
2  124 31 0 0 1
0

0101000
+20 0 -16 0 *
Wi

0101100
-19 0 +17 0 +15 0 -14 0 *
Fa
1  1e-07 31 0

0101000
+13 0 *
Ve
1e-07
12.3026059942659 -23.8049714166636 81
0 0

0101101
*
Ve
1e-07
7.89735713332481 -6.89788396412271 81
0 0

0101101
*
Ed
 1e-07 1 1 0
1  125 0 0 1
2  125 32 0 0 1
0

0101000
+11 0 -10 0 *
Ve
1e-07
-15.9424810078192 4.25474192123081 97.2
0 0

0101101
*
Ed
 1e-07 1 1 0
1  126 0 0 1
2  126 32 0 0 1
0

0101000
+11 0 -8 0 *
Ve
1e-07
-16.5417083692079 6.85274108139448 97.2
0 0

0101101
*
Ed
 1e-07 1 1 0
1  127 0 0 1
2  127 32 0 0 1
0

0101000
+8 0 -6 0 *
Ed
 1e-07 1 1 0
1  128 0 0 1
2  128 32 0 0 1
0

0101000
+10 0 -6 0 *
Wi

0101100
-9 0 +7 0 +5 0 -4 0 *
Fa
1  1e-07 32 0

0101000
+3 0 *
Co

1100000
+312 0 +302 0 +292 0 +282 0 +272 0 +262 0 +252 0 +242 0 +232 0 +222 0 
+212 0 +202 0 +192 0 +182 0 +172 0 +162 0 +152 0 +142 0 +132 0 +122 0 
+112 0 +102 0 +92 0 +82 0 +72 0 +62 0 +52 0 +42 0 +32 0 +22 0 
+12 0 +2 0 *

+1 0 